job_id,method,scene,seed,iteration,wall_time_seconds,psnr_db,ssim,lpips,num_GS
cross_hardware_generalization--gsplat--mipnerf360-bicycle--a100--s0,gsplat,mipnerf360/bicycle,0,7000,126.0113639831543,24.06170654296875,0.6804095506668091,0.30369478464126587,3603615
cross_hardware_generalization--gsplat--mipnerf360-bicycle--a100--s0,gsplat,mipnerf360/bicycle,0,15000,403.1231927871704,25.21538543701172,0.760718047618866,0.19049453735351562,5921381
cross_hardware_generalization--gsplat--mipnerf360-bicycle--a100--s0,gsplat,mipnerf360/bicycle,0,30000,1076.1223729238845,25.62924575805664,0.7744513750076294,0.158423513174057,5921381
cross_hardware_generalization--gsplat--mipnerf360-bicycle--a100--s1,gsplat,mipnerf360/bicycle,1,7000,123.97928953170776,24.026063919067383,0.6835128664970398,0.3002731204032898,3617688
cross_hardware_generalization--gsplat--mipnerf360-bicycle--a100--s1,gsplat,mipnerf360/bicycle,1,15000,399.7185413837433,25.365768432617188,0.7617987394332886,0.18970540165901184,5844680
cross_hardware_generalization--gsplat--mipnerf360-bicycle--a100--s1,gsplat,mipnerf360/bicycle,1,30000,1061.9376047689002,25.576444625854492,0.7742059230804443,0.15922118723392487,5834383
cross_hardware_generalization--gsplat--mipnerf360-bicycle--a100--s2,gsplat,mipnerf360/bicycle,2,7000,124.18557548522949,24.012331008911133,0.6777135133743286,0.3022112548351288,3633699
cross_hardware_generalization--gsplat--mipnerf360-bicycle--a100--s2,gsplat,mipnerf360/bicycle,2,15000,401.53260707855225,25.224483489990234,0.7597559690475464,0.19135509431362152,5851607
cross_hardware_generalization--gsplat--mipnerf360-bicycle--a100--s2,gsplat,mipnerf360/bicycle,2,30000,1058.304007007042,25.52252960205078,0.7733331918716431,0.16120696067810059,5871047
cross_hardware_generalization--gsplat--mipnerf360-bonsai--a100--s0,gsplat,mipnerf360/bonsai,0,7000,76.03715777397156,30.04932403564453,0.9411897659301758,0.07257025688886642,1180392
cross_hardware_generalization--gsplat--mipnerf360-bonsai--a100--s0,gsplat,mipnerf360/bonsai,0,15000,184.75635433197021,31.463268280029297,0.9537169337272644,0.05613090097904205,1260561
cross_hardware_generalization--gsplat--mipnerf360-bonsai--a100--s0,gsplat,mipnerf360/bonsai,0,30000,473.03912585112266,32.55827713012695,0.9599691033363342,0.048004139214754105,1260561
cross_hardware_generalization--gsplat--mipnerf360-bonsai--a100--s1,gsplat,mipnerf360/bonsai,1,7000,75.13536858558655,30.10305404663086,0.9388652443885803,0.07303890585899353,1121346
cross_hardware_generalization--gsplat--mipnerf360-bonsai--a100--s1,gsplat,mipnerf360/bonsai,1,15000,179.94916772842407,31.45900535583496,0.9533856511116028,0.05652882903814316,1232722
cross_hardware_generalization--gsplat--mipnerf360-bonsai--a100--s1,gsplat,mipnerf360/bonsai,1,30000,418.7567901541479,32.583099365234375,0.9588837623596191,0.048405978828668594,1232722
cross_hardware_generalization--gsplat--mipnerf360-bonsai--a100--s2,gsplat,mipnerf360/bonsai,2,7000,75.86624026298523,30.19827651977539,0.940933883190155,0.07138267904520035,1134369
cross_hardware_generalization--gsplat--mipnerf360-bonsai--a100--s2,gsplat,mipnerf360/bonsai,2,15000,182.51369881629944,31.524242401123047,0.9525730013847351,0.05652179196476936,1241905
cross_hardware_generalization--gsplat--mipnerf360-bonsai--a100--s2,gsplat,mipnerf360/bonsai,2,30000,405.16457411297597,32.782684326171875,0.9591792821884155,0.04783124476671219,1241905
cross_hardware_generalization--gsplat--mipnerf360-garden--a100--s0,gsplat,mipnerf360/garden,0,7000,143.36275339126587,26.502193450927734,0.8346089124679565,0.11898116767406464,3975307
cross_hardware_generalization--gsplat--mipnerf360-garden--a100--s0,gsplat,mipnerf360/garden,0,15000,411.58634877204895,27.390241622924805,0.8641350269317627,0.08266636729240417,5033079
cross_hardware_generalization--gsplat--mipnerf360-garden--a100--s0,gsplat,mipnerf360/garden,0,30000,912.1363584040664,27.749755859375,0.8724868297576904,0.07146503776311874,5033079
cross_hardware_generalization--gsplat--mipnerf360-garden--a100--s1,gsplat,mipnerf360/garden,1,7000,145.61172318458557,26.490036010742188,0.8340031504631042,0.12015454471111298,3943797
cross_hardware_generalization--gsplat--mipnerf360-garden--a100--s1,gsplat,mipnerf360/garden,1,15000,413.31697034835815,27.294883728027344,0.8620011210441589,0.08280962705612183,4997480
cross_hardware_generalization--gsplat--mipnerf360-garden--a100--s1,gsplat,mipnerf360/garden,1,30000,906.3665252190549,27.71082305908203,0.871518075466156,0.07232391089200974,4997480
cross_hardware_generalization--gsplat--mipnerf360-garden--a100--s2,gsplat,mipnerf360/garden,2,7000,142.6136074066162,26.334579467773438,0.8290898203849792,0.12009575963020325,3941038
cross_hardware_generalization--gsplat--mipnerf360-garden--a100--s2,gsplat,mipnerf360/garden,2,15000,410.69401001930237,27.461729049682617,0.8646051287651062,0.0815342515707016,5017648
cross_hardware_generalization--gsplat--mipnerf360-garden--a100--s2,gsplat,mipnerf360/garden,2,30000,904.3209010099526,27.75151824951172,0.870887041091919,0.07148847728967667,5017648
cross_hardware_generalization--gsplat--tanks_and_temples-train--a100--s0,gsplat,tanks_and_temples/train,0,7000,87.372478723526,20.681015014648438,0.8119391798973083,0.11657503992319107,433167
cross_hardware_generalization--gsplat--tanks_and_temples-train--a100--s0,gsplat,tanks_and_temples/train,0,15000,208.10730624198914,21.725120544433594,0.8563178181648254,0.07479649037122726,482019
cross_hardware_generalization--gsplat--tanks_and_temples-train--a100--s0,gsplat,tanks_and_temples/train,0,30000,452.6991129259113,22.823410034179688,0.8812609314918518,0.055118680000305176,482019
cross_hardware_generalization--gsplat--tanks_and_temples-train--a100--s1,gsplat,tanks_and_temples/train,1,7000,86.16072869300842,20.388620376586914,0.8087041974067688,0.11672677844762802,416411
cross_hardware_generalization--gsplat--tanks_and_temples-train--a100--s1,gsplat,tanks_and_temples/train,1,15000,207.4266378879547,21.710205078125,0.8569847941398621,0.07672100514173508,510963
cross_hardware_generalization--gsplat--tanks_and_temples-train--a100--s1,gsplat,tanks_and_temples/train,1,30000,433.5147676060442,23.031749725341797,0.8827583193778992,0.05566367879509926,510963
cross_hardware_generalization--gsplat--tanks_and_temples-train--a100--s2,gsplat,tanks_and_temples/train,2,7000,85.95408654212952,20.620071411132812,0.8174008727073669,0.11437394469976425,429454
cross_hardware_generalization--gsplat--tanks_and_temples-train--a100--s2,gsplat,tanks_and_temples/train,2,15000,209.6483016014099,21.580341339111328,0.8599388599395752,0.07425224035978317,507377
cross_hardware_generalization--gsplat--tanks_and_temples-train--a100--s2,gsplat,tanks_and_temples/train,2,30000,440.0920332001988,22.56437110900879,0.8813298940658569,0.055968962609767914,507377
cross_hardware_generalization--gsplat--tanks_and_temples-truck--a100--s0,gsplat,tanks_and_temples/truck,0,7000,71.86307263374329,25.800710678100586,0.9225072860717773,0.03530416265130043,701839
cross_hardware_generalization--gsplat--tanks_and_temples-truck--a100--s0,gsplat,tanks_and_temples/truck,0,15000,175.55565524101257,26.712078094482422,0.9344284534454346,0.02846921980381012,840878
cross_hardware_generalization--gsplat--tanks_and_temples-truck--a100--s0,gsplat,tanks_and_temples/truck,0,30000,364.6484722979367,27.575847625732422,0.9408871531486511,0.023598119616508484,840878
cross_hardware_generalization--gsplat--tanks_and_temples-truck--a100--s1,gsplat,tanks_and_temples/truck,1,7000,72.38109588623047,25.668216705322266,0.9201762676239014,0.03721923753619194,683203
cross_hardware_generalization--gsplat--tanks_and_temples-truck--a100--s1,gsplat,tanks_and_temples/truck,1,15000,178.36046433448792,26.637149810791016,0.9336002469062805,0.028941020369529724,849907
cross_hardware_generalization--gsplat--tanks_and_temples-truck--a100--s1,gsplat,tanks_and_temples/truck,1,30000,370.51741694193333,27.417394638061523,0.9400614500045776,0.023969480767846107,849907
cross_hardware_generalization--gsplat--tanks_and_temples-truck--a100--s2,gsplat,tanks_and_temples/truck,2,7000,71.16994333267212,25.782148361206055,0.9214355945587158,0.03590794652700424,683237
cross_hardware_generalization--gsplat--tanks_and_temples-truck--a100--s2,gsplat,tanks_and_temples/truck,2,15000,174.2689459323883,26.686412811279297,0.9330486059188843,0.029000546783208847,830366
cross_hardware_generalization--gsplat--tanks_and_temples-truck--a100--s2,gsplat,tanks_and_temples/truck,2,30000,361.0323535259813,27.521852493286133,0.9401290416717529,0.024235762655735016,830366
cross_hardware_generalization--higs_full--mipnerf360-bicycle--a100--s0,higs_full,mipnerf360/bicycle,0,7000,127.95031380653381,24.059066772460938,0.6806349158287048,0.30257633328437805,3602315
cross_hardware_generalization--higs_full--mipnerf360-bicycle--a100--s0,higs_full,mipnerf360/bicycle,0,15000,395.4508605003357,25.21229362487793,0.7608831524848938,0.19009460508823395,5894278
cross_hardware_generalization--higs_full--mipnerf360-bicycle--a100--s0,higs_full,mipnerf360/bicycle,0,30000,926.6533873821609,25.628671646118164,0.7745299935340881,0.15801668167114258,5894278
cross_hardware_generalization--higs_full--mipnerf360-bicycle--a100--s1,higs_full,mipnerf360/bicycle,1,7000,124.32299947738647,24.032222747802734,0.683652937412262,0.29987436532974243,3575513
cross_hardware_generalization--higs_full--mipnerf360-bicycle--a100--s1,higs_full,mipnerf360/bicycle,1,15000,390.2388994693756,25.362586975097656,0.7622381448745728,0.18891596794128418,5828721
cross_hardware_generalization--higs_full--mipnerf360-bicycle--a100--s1,higs_full,mipnerf360/bicycle,1,30000,914.3010605741292,25.53370475769043,0.7734560966491699,0.1601368486881256,5828721
cross_hardware_generalization--higs_full--mipnerf360-bicycle--a100--s2,higs_full,mipnerf360/bicycle,2,7000,127.22243165969849,24.019393920898438,0.6779325604438782,0.3035198748111725,3589905
cross_hardware_generalization--higs_full--mipnerf360-bicycle--a100--s2,higs_full,mipnerf360/bicycle,2,15000,395.26628136634827,25.25691795349121,0.7596084475517273,0.19116055965423584,5837875
cross_hardware_generalization--higs_full--mipnerf360-bicycle--a100--s2,higs_full,mipnerf360/bicycle,2,30000,921.0295934728347,25.53335189819336,0.7731623649597168,0.1604011505842209,5837875
cross_hardware_generalization--higs_full--mipnerf360-bonsai--a100--s0,higs_full,mipnerf360/bonsai,0,7000,82.90636682510376,30.277307510375977,0.9416666030883789,0.0719442144036293,1178186
cross_hardware_generalization--higs_full--mipnerf360-bonsai--a100--s0,higs_full,mipnerf360/bonsai,0,15000,193.96793913841248,31.70046615600586,0.9537919759750366,0.05582345649600029,1255474
cross_hardware_generalization--higs_full--mipnerf360-bonsai--a100--s0,higs_full,mipnerf360/bonsai,0,30000,396.3561723099556,32.74994659423828,0.9601671695709229,0.04785327613353729,1255474
cross_hardware_generalization--higs_full--mipnerf360-bonsai--a100--s1,higs_full,mipnerf360/bonsai,1,7000,80.1771912574768,30.103708267211914,0.93936687707901,0.0732320100069046,1115958
cross_hardware_generalization--higs_full--mipnerf360-bonsai--a100--s1,higs_full,mipnerf360/bonsai,1,15000,189.7517580986023,31.619550704956055,0.953960657119751,0.05671493709087372,1231076
cross_hardware_generalization--higs_full--mipnerf360-bonsai--a100--s1,higs_full,mipnerf360/bonsai,1,30000,386.9962146920152,32.66889953613281,0.9594084620475769,0.048215482383966446,1231076
cross_hardware_generalization--higs_full--mipnerf360-bonsai--a100--s2,higs_full,mipnerf360/bonsai,2,7000,81.37804937362671,30.228464126586914,0.9412140846252441,0.07193394750356674,1135358
cross_hardware_generalization--higs_full--mipnerf360-bonsai--a100--s2,higs_full,mipnerf360/bonsai,2,15000,192.26064586639404,31.618619918823242,0.9530550241470337,0.056359075009822845,1238405
cross_hardware_generalization--higs_full--mipnerf360-bonsai--a100--s2,higs_full,mipnerf360/bonsai,2,30000,393.7194863019977,32.85527038574219,0.9590694308280945,0.04720998555421829,1238405
cross_hardware_generalization--higs_full--mipnerf360-garden--a100--s0,higs_full,mipnerf360/garden,0,7000,144.96319699287415,26.551626205444336,0.8352123498916626,0.1184464693069458,3982610
cross_hardware_generalization--higs_full--mipnerf360-garden--a100--s0,higs_full,mipnerf360/garden,0,15000,409.5900630950928,27.44537925720215,0.8647788763046265,0.08170264214277267,5050825
cross_hardware_generalization--higs_full--mipnerf360-garden--a100--s0,higs_full,mipnerf360/garden,0,30000,903.9784631070215,27.805095672607422,0.8730775713920593,0.07058746367692947,5050825
cross_hardware_generalization--higs_full--mipnerf360-garden--a100--s1,higs_full,mipnerf360/garden,1,7000,145.3653814792633,26.42371368408203,0.8331899642944336,0.1207369714975357,3909329
cross_hardware_generalization--higs_full--mipnerf360-garden--a100--s1,higs_full,mipnerf360/garden,1,15000,407.43028354644775,27.213520050048828,0.8612076044082642,0.08351697027683258,4986522
cross_hardware_generalization--higs_full--mipnerf360-garden--a100--s1,higs_full,mipnerf360/garden,1,30000,901.0843988258857,27.626121520996094,0.870664119720459,0.07310079038143158,4986522
cross_hardware_generalization--higs_full--mipnerf360-garden--a100--s2,higs_full,mipnerf360/garden,2,7000,145.3637409210205,26.296955108642578,0.82867431640625,0.11975213140249252,3940001
cross_hardware_generalization--higs_full--mipnerf360-garden--a100--s2,higs_full,mipnerf360/garden,2,15000,412.4250099658966,27.386524200439453,0.8639501333236694,0.08192474395036697,5008543
cross_hardware_generalization--higs_full--mipnerf360-garden--a100--s2,higs_full,mipnerf360/garden,2,30000,906.2235339039471,27.691360473632812,0.8702707290649414,0.07221496105194092,5008543
cross_hardware_generalization--higs_full--tanks_and_temples-train--a100--s0,higs_full,tanks_and_temples/train,0,7000,104.93372941017151,20.546871185302734,0.8146482110023499,0.11393633484840393,437519
cross_hardware_generalization--higs_full--tanks_and_temples-train--a100--s0,higs_full,tanks_and_temples/train,0,15000,249.11187553405762,21.636491775512695,0.8573313355445862,0.07460926473140717,483953
cross_hardware_generalization--higs_full--tanks_and_temples-train--a100--s0,higs_full,tanks_and_temples/train,0,30000,513.4484394800384,22.546098709106445,0.8786145448684692,0.05766377970576286,483953
cross_hardware_generalization--higs_full--tanks_and_temples-train--a100--s1,higs_full,tanks_and_temples/train,1,7000,103.64448976516724,20.522939682006836,0.811920702457428,0.11693253368139267,420079
cross_hardware_generalization--higs_full--tanks_and_temples-train--a100--s1,higs_full,tanks_and_temples/train,1,15000,250.7736577987671,21.655170440673828,0.8585753440856934,0.07576519250869751,510528
cross_hardware_generalization--higs_full--tanks_and_temples-train--a100--s1,higs_full,tanks_and_temples/train,1,30000,525.8896082758438,22.748023986816406,0.8821959495544434,0.05619049072265625,510528
cross_hardware_generalization--higs_full--tanks_and_temples-train--a100--s2,higs_full,tanks_and_temples/train,2,7000,102.49416947364807,20.540197372436523,0.8167861700057983,0.11533531546592712,432711
cross_hardware_generalization--higs_full--tanks_and_temples-train--a100--s2,higs_full,tanks_and_temples/train,2,15000,250.49092721939087,21.81842803955078,0.8617788553237915,0.07308637350797653,509505
cross_hardware_generalization--higs_full--tanks_and_temples-train--a100--s2,higs_full,tanks_and_temples/train,2,30000,528.1676901469473,22.755891799926758,0.8820200562477112,0.055270835757255554,509505
cross_hardware_generalization--higs_full--tanks_and_temples-truck--a100--s0,higs_full,tanks_and_temples/truck,0,7000,85.88110041618347,25.79241943359375,0.9221692085266113,0.03570970147848129,696555
cross_hardware_generalization--higs_full--tanks_and_temples-truck--a100--s0,higs_full,tanks_and_temples/truck,0,15000,207.17709231376648,26.745370864868164,0.9342488646507263,0.028298871591687202,837130
cross_hardware_generalization--higs_full--tanks_and_temples-truck--a100--s0,higs_full,tanks_and_temples/truck,0,30000,426.55489256512374,27.62004852294922,0.940485954284668,0.023939456790685654,837130
cross_hardware_generalization--higs_full--tanks_and_temples-truck--a100--s1,higs_full,tanks_and_temples/truck,1,7000,84.46373414993286,25.621902465820312,0.9202885031700134,0.03759658336639404,677084
cross_hardware_generalization--higs_full--tanks_and_temples-truck--a100--s1,higs_full,tanks_and_temples/truck,1,15000,204.8153383731842,26.687820434570312,0.934006929397583,0.02873346395790577,834157
cross_hardware_generalization--higs_full--tanks_and_temples-truck--a100--s1,higs_full,tanks_and_temples/truck,1,30000,425.16754596307874,27.506013870239258,0.9402279853820801,0.02425493486225605,834157
cross_hardware_generalization--higs_full--tanks_and_temples-truck--a100--s2,higs_full,tanks_and_temples/truck,2,7000,84.42930221557617,25.81320571899414,0.9215449094772339,0.03600670024752617,681435
cross_hardware_generalization--higs_full--tanks_and_temples-truck--a100--s2,higs_full,tanks_and_temples/truck,2,15000,203.49936246871948,26.63381004333496,0.9328815937042236,0.028959985822439194,825352
cross_hardware_generalization--higs_full--tanks_and_temples-truck--a100--s2,higs_full,tanks_and_temples/truck,2,30000,419.5028060199693,27.526405334472656,0.9398690462112427,0.02479649893939495,825352
cross_hardware_generalization--higs_proposed--mipnerf360-bicycle--a100--s0,higs_proposed,mipnerf360/bicycle,0,7000,101.11023950576782,22.527978897094727,0.6337697505950928,0.3097330331802368,2973657
cross_hardware_generalization--higs_proposed--mipnerf360-bicycle--a100--s0,higs_proposed,mipnerf360/bicycle,0,15000,294.8482699394226,22.165170669555664,0.661393404006958,0.23523303866386414,4244394
cross_hardware_generalization--higs_proposed--mipnerf360-bicycle--a100--s0,higs_proposed,mipnerf360/bicycle,0,30000,671.4114320939407,25.52379035949707,0.7627384662628174,0.17655451595783234,4244394
cross_hardware_generalization--higs_proposed--mipnerf360-bicycle--a100--s1,higs_proposed,mipnerf360/bicycle,1,7000,98.87996053695679,22.551198959350586,0.6340317726135254,0.30880382657051086,2982794
cross_hardware_generalization--higs_proposed--mipnerf360-bicycle--a100--s1,higs_proposed,mipnerf360/bicycle,1,15000,290.5195298194885,22.07823371887207,0.6602128744125366,0.23536929488182068,4265674
cross_hardware_generalization--higs_proposed--mipnerf360-bicycle--a100--s1,higs_proposed,mipnerf360/bicycle,1,30000,666.173452151008,25.49285125732422,0.7616717219352722,0.17758843302726746,4265674
cross_hardware_generalization--higs_proposed--mipnerf360-bicycle--a100--s2,higs_proposed,mipnerf360/bicycle,2,7000,98.79992079734802,22.50531005859375,0.6318504810333252,0.3091525137424469,3016460
cross_hardware_generalization--higs_proposed--mipnerf360-bicycle--a100--s2,higs_proposed,mipnerf360/bicycle,2,15000,291.56720066070557,22.076650619506836,0.6609863638877869,0.23571963608264923,4360596
cross_hardware_generalization--higs_proposed--mipnerf360-bicycle--a100--s2,higs_proposed,mipnerf360/bicycle,2,30000,671.575461603934,25.497133255004883,0.7629656791687012,0.1770784854888916,4360596
cross_hardware_generalization--higs_proposed--mipnerf360-bonsai--a100--s0,higs_proposed,mipnerf360/bonsai,0,7000,86.1212728023529,25.58095932006836,0.8656744360923767,0.11700786650180817,1169831
cross_hardware_generalization--higs_proposed--mipnerf360-bonsai--a100--s0,higs_proposed,mipnerf360/bonsai,0,15000,212.2402515411377,25.49884605407715,0.8690445423126221,0.10581907629966736,1285021
cross_hardware_generalization--higs_proposed--mipnerf360-bonsai--a100--s0,higs_proposed,mipnerf360/bonsai,0,30000,423.9992795668077,32.53590774536133,0.9558311700820923,0.05139271542429924,1285021
cross_hardware_generalization--higs_proposed--mipnerf360-bonsai--a100--s1,higs_proposed,mipnerf360/bonsai,1,7000,85.44160199165344,25.34220314025879,0.8630110025405884,0.11892518401145935,1141990
cross_hardware_generalization--higs_proposed--mipnerf360-bonsai--a100--s1,higs_proposed,mipnerf360/bonsai,1,15000,210.81850838661194,25.090377807617188,0.8607583045959473,0.1130157858133316,1260916
cross_hardware_generalization--higs_proposed--mipnerf360-bonsai--a100--s1,higs_proposed,mipnerf360/bonsai,1,30000,422.07351904409006,32.06296157836914,0.9530635476112366,0.05292927846312523,1260916
cross_hardware_generalization--higs_proposed--mipnerf360-bonsai--a100--s2,higs_proposed,mipnerf360/bonsai,2,7000,86.20386552810669,25.442211151123047,0.8649864196777344,0.11646263301372528,1156405
cross_hardware_generalization--higs_proposed--mipnerf360-bonsai--a100--s2,higs_proposed,mipnerf360/bonsai,2,15000,212.3067548274994,25.466537475585938,0.8684154152870178,0.1065390408039093,1269236
cross_hardware_generalization--higs_proposed--mipnerf360-bonsai--a100--s2,higs_proposed,mipnerf360/bonsai,2,30000,423.14947446109727,32.538780212402344,0.9564920663833618,0.0510883666574955,1269236
cross_hardware_generalization--higs_proposed--mipnerf360-garden--a100--s0,higs_proposed,mipnerf360/garden,0,7000,99.16330409049988,22.281902313232422,0.6730196475982666,0.20505955815315247,2441282
cross_hardware_generalization--higs_proposed--mipnerf360-garden--a100--s0,higs_proposed,mipnerf360/garden,0,15000,267.0494861602783,21.727981567382812,0.6664000749588013,0.17012648284435272,3121570
cross_hardware_generalization--higs_proposed--mipnerf360-garden--a100--s0,higs_proposed,mipnerf360/garden,0,30000,597.2314847649541,27.327306747436523,0.8511050939559937,0.09714742004871368,3121570
cross_hardware_generalization--higs_proposed--mipnerf360-garden--a100--s1,higs_proposed,mipnerf360/garden,1,7000,99.08440160751343,22.403491973876953,0.6775878667831421,0.20323312282562256,2447008
cross_hardware_generalization--higs_proposed--mipnerf360-garden--a100--s1,higs_proposed,mipnerf360/garden,1,15000,267.370059967041,21.803617477416992,0.6655633449554443,0.16971179842948914,3115421
cross_hardware_generalization--higs_proposed--mipnerf360-garden--a100--s1,higs_proposed,mipnerf360/garden,1,30000,597.4808170329779,27.351261138916016,0.8502833247184753,0.0977090448141098,3115421
cross_hardware_generalization--higs_proposed--mipnerf360-garden--a100--s2,higs_proposed,mipnerf360/garden,2,7000,99.23731827735901,22.315059661865234,0.6726754903793335,0.2045653760433197,2428213
cross_hardware_generalization--higs_proposed--mipnerf360-garden--a100--s2,higs_proposed,mipnerf360/garden,2,15000,267.4863362312317,21.801788330078125,0.668205738067627,0.17038923501968384,3096446
cross_hardware_generalization--higs_proposed--mipnerf360-garden--a100--s2,higs_proposed,mipnerf360/garden,2,30000,593.1151836619247,27.295337677001953,0.8492029905319214,0.09818624705076218,3096446
cross_hardware_generalization--higs_proposed--tanks_and_temples-train--a100--s0,higs_proposed,tanks_and_temples/train,0,7000,155.0096950531006,18.619869232177734,0.6877842545509338,0.18626564741134644,325717
cross_hardware_generalization--higs_proposed--tanks_and_temples-train--a100--s0,higs_proposed,tanks_and_temples/train,0,15000,359.2275023460388,18.8625545501709,0.7016671299934387,0.14559045433998108,335997
cross_hardware_generalization--higs_proposed--tanks_and_temples-train--a100--s0,higs_proposed,tanks_and_temples/train,0,30000,664.9594977961387,21.828609466552734,0.8496699333190918,0.07757577300071716,335997
cross_hardware_generalization--higs_proposed--tanks_and_temples-train--a100--s1,higs_proposed,tanks_and_temples/train,1,7000,159.410462141037,18.834300994873047,0.6891009211540222,0.1876686066389084,313049
cross_hardware_generalization--higs_proposed--tanks_and_temples-train--a100--s1,higs_proposed,tanks_and_temples/train,1,15000,367.6763072013855,19.062942504882812,0.7054399847984314,0.14547143876552582,337653
cross_hardware_generalization--higs_proposed--tanks_and_temples-train--a100--s1,higs_proposed,tanks_and_temples/train,1,30000,676.6056530529168,22.192733764648438,0.8523826599121094,0.076144278049469,337653
cross_hardware_generalization--higs_proposed--tanks_and_temples-train--a100--s2,higs_proposed,tanks_and_temples/train,2,7000,157.02729511260986,18.78588104248047,0.6915395855903625,0.19108425080776215,317087
cross_hardware_generalization--higs_proposed--tanks_and_temples-train--a100--s2,higs_proposed,tanks_and_temples/train,2,15000,367.70272731781006,19.057270050048828,0.7040365934371948,0.15016372501850128,341437
cross_hardware_generalization--higs_proposed--tanks_and_temples-train--a100--s2,higs_proposed,tanks_and_temples/train,2,30000,681.207246737089,22.188217163085938,0.8523279428482056,0.07910886406898499,341437
cross_hardware_generalization--higs_proposed--tanks_and_temples-truck--a100--s0,higs_proposed,tanks_and_temples/truck,0,7000,123.86316871643066,19.337797164916992,0.7305024862289429,0.11689328402280807,466197
cross_hardware_generalization--higs_proposed--tanks_and_temples-truck--a100--s0,higs_proposed,tanks_and_temples/truck,0,15000,292.12765169143677,19.16520881652832,0.7264890670776367,0.1140570342540741,544978
cross_hardware_generalization--higs_proposed--tanks_and_temples-truck--a100--s0,higs_proposed,tanks_and_temples/truck,0,30000,539.4181474319194,26.478641510009766,0.9233713150024414,0.03360789269208908,544978
cross_hardware_generalization--higs_proposed--tanks_and_temples-truck--a100--s1,higs_proposed,tanks_and_temples/truck,1,7000,122.88354206085205,19.554115295410156,0.7370984554290771,0.11643508076667786,458177
cross_hardware_generalization--higs_proposed--tanks_and_temples-truck--a100--s1,higs_proposed,tanks_and_temples/truck,1,15000,293.5719840526581,19.263118743896484,0.728227972984314,0.11162711679935455,538761
cross_hardware_generalization--higs_proposed--tanks_and_temples-truck--a100--s1,higs_proposed,tanks_and_temples/truck,1,30000,539.2790693310089,26.50002670288086,0.9227291345596313,0.034215860068798065,538761
cross_hardware_generalization--higs_proposed--tanks_and_temples-truck--a100--s2,higs_proposed,tanks_and_temples/truck,2,7000,118.26744818687439,19.449377059936523,0.7306743860244751,0.1173824667930603,461291
cross_hardware_generalization--higs_proposed--tanks_and_temples-truck--a100--s2,higs_proposed,tanks_and_temples/truck,2,15000,279.703560590744,19.17321014404297,0.7242969274520874,0.11349005997180939,537869
cross_hardware_generalization--higs_proposed--tanks_and_temples-truck--a100--s2,higs_proposed,tanks_and_temples/truck,2,30000,519.5417055799626,26.55536460876465,0.923521876335144,0.033289045095443726,537869
primary_full_convergence--gsplat--deep_blending-drjohnson--a100--s0,gsplat,deep_blending/drjohnson,0,7000,74.10751676559448,27.34246063232422,0.8698645234107971,0.12232663482427597,1946848
primary_full_convergence--gsplat--deep_blending-drjohnson--a100--s0,gsplat,deep_blending/drjohnson,0,15000,210.69891667366028,28.52495574951172,0.8983676433563232,0.07996059954166412,2286626
primary_full_convergence--gsplat--deep_blending-drjohnson--a100--s0,gsplat,deep_blending/drjohnson,0,30000,440.14531956100836,29.116539001464844,0.9035022854804993,0.06979649513959885,2292255
primary_full_convergence--gsplat--deep_blending-drjohnson--a100--s1,gsplat,deep_blending/drjohnson,1,7000,73.62142777442932,27.319473266601562,0.8696889281272888,0.12492705881595612,1859341
primary_full_convergence--gsplat--deep_blending-drjohnson--a100--s1,gsplat,deep_blending/drjohnson,1,15000,205.1278018951416,28.498273849487305,0.8972797393798828,0.0822015330195427,2310845
primary_full_convergence--gsplat--deep_blending-drjohnson--a100--s1,gsplat,deep_blending/drjohnson,1,30000,439.5122606512159,29.070987701416016,0.9024199843406677,0.07177736610174179,2310845
primary_full_convergence--gsplat--deep_blending-drjohnson--a100--s2,gsplat,deep_blending/drjohnson,2,7000,74.52494478225708,27.19993782043457,0.8681364059448242,0.12263832986354828,1947901
primary_full_convergence--gsplat--deep_blending-drjohnson--a100--s2,gsplat,deep_blending/drjohnson,2,15000,209.8029932975769,28.35310935974121,0.8983283638954163,0.07988676428794861,2276010
primary_full_convergence--gsplat--deep_blending-drjohnson--a100--s2,gsplat,deep_blending/drjohnson,2,30000,435.6297173178755,29.01333236694336,0.902381420135498,0.0689343735575676,2277396
primary_full_convergence--gsplat--deep_blending-playroom--a100--s0,gsplat,deep_blending/playroom,0,7000,60.66836643218994,29.723447799682617,0.9231429100036621,0.059900492429733276,1191155
primary_full_convergence--gsplat--deep_blending-playroom--a100--s0,gsplat,deep_blending/playroom,0,15000,156.23021912574768,30.383987426757812,0.9327371716499329,0.04599325731396675,1405752
primary_full_convergence--gsplat--deep_blending-playroom--a100--s0,gsplat,deep_blending/playroom,0,30000,345.28234187699854,30.172691345214844,0.9290040135383606,0.044221822172403336,1405752
primary_full_convergence--gsplat--deep_blending-playroom--a100--s1,gsplat,deep_blending/playroom,1,7000,60.68836998939514,29.89996910095215,0.9249047636985779,0.058177847415208817,1202425
primary_full_convergence--gsplat--deep_blending-playroom--a100--s1,gsplat,deep_blending/playroom,1,15000,157.50770354270935,30.255413055419922,0.9315133690834045,0.045826658606529236,1407754
primary_full_convergence--gsplat--deep_blending-playroom--a100--s1,gsplat,deep_blending/playroom,1,30000,349.20353736402467,30.13714027404785,0.9279277324676514,0.0446929894387722,1407754
primary_full_convergence--gsplat--deep_blending-playroom--a100--s2,gsplat,deep_blending/playroom,2,7000,60.8116500377655,29.462032318115234,0.9197452068328857,0.06145290657877922,1195498
primary_full_convergence--gsplat--deep_blending-playroom--a100--s2,gsplat,deep_blending/playroom,2,15000,157.65741539001465,30.069385528564453,0.92994624376297,0.04825912415981293,1395487
primary_full_convergence--gsplat--deep_blending-playroom--a100--s2,gsplat,deep_blending/playroom,2,30000,331.06136659299955,30.049560546875,0.9275169372558594,0.045734915882349014,1395487
primary_full_convergence--gsplat--mipnerf360-bicycle--a100--s0,gsplat,mipnerf360/bicycle,0,7000,126.0113639831543,24.06170654296875,0.6804095506668091,0.30369478464126587,3603615
primary_full_convergence--gsplat--mipnerf360-bicycle--a100--s0,gsplat,mipnerf360/bicycle,0,15000,403.1231927871704,25.21538543701172,0.760718047618866,0.19049453735351562,5921381
primary_full_convergence--gsplat--mipnerf360-bicycle--a100--s0,gsplat,mipnerf360/bicycle,0,30000,1076.1223729238845,25.62924575805664,0.7744513750076294,0.158423513174057,5921381
primary_full_convergence--gsplat--mipnerf360-bicycle--a100--s1,gsplat,mipnerf360/bicycle,1,7000,123.97928953170776,24.026063919067383,0.6835128664970398,0.3002731204032898,3617688
primary_full_convergence--gsplat--mipnerf360-bicycle--a100--s1,gsplat,mipnerf360/bicycle,1,15000,399.7185413837433,25.365768432617188,0.7617987394332886,0.18970540165901184,5844680
primary_full_convergence--gsplat--mipnerf360-bicycle--a100--s1,gsplat,mipnerf360/bicycle,1,30000,1061.9376047689002,25.576444625854492,0.7742059230804443,0.15922118723392487,5834383
primary_full_convergence--gsplat--mipnerf360-bicycle--a100--s2,gsplat,mipnerf360/bicycle,2,7000,124.18557548522949,24.012331008911133,0.6777135133743286,0.3022112548351288,3633699
primary_full_convergence--gsplat--mipnerf360-bicycle--a100--s2,gsplat,mipnerf360/bicycle,2,15000,401.53260707855225,25.224483489990234,0.7597559690475464,0.19135509431362152,5851607
primary_full_convergence--gsplat--mipnerf360-bicycle--a100--s2,gsplat,mipnerf360/bicycle,2,30000,1058.304007007042,25.52252960205078,0.7733331918716431,0.16120696067810059,5871047
primary_full_convergence--gsplat--mipnerf360-bonsai--a100--s0,gsplat,mipnerf360/bonsai,0,7000,76.03715777397156,30.04932403564453,0.9411897659301758,0.07257025688886642,1180392
primary_full_convergence--gsplat--mipnerf360-bonsai--a100--s0,gsplat,mipnerf360/bonsai,0,15000,184.75635433197021,31.463268280029297,0.9537169337272644,0.05613090097904205,1260561
primary_full_convergence--gsplat--mipnerf360-bonsai--a100--s0,gsplat,mipnerf360/bonsai,0,30000,473.03912585112266,32.55827713012695,0.9599691033363342,0.048004139214754105,1260561
primary_full_convergence--gsplat--mipnerf360-bonsai--a100--s1,gsplat,mipnerf360/bonsai,1,7000,75.13536858558655,30.10305404663086,0.9388652443885803,0.07303890585899353,1121346
primary_full_convergence--gsplat--mipnerf360-bonsai--a100--s1,gsplat,mipnerf360/bonsai,1,15000,179.94916772842407,31.45900535583496,0.9533856511116028,0.05652882903814316,1232722
primary_full_convergence--gsplat--mipnerf360-bonsai--a100--s1,gsplat,mipnerf360/bonsai,1,30000,418.7567901541479,32.583099365234375,0.9588837623596191,0.048405978828668594,1232722
primary_full_convergence--gsplat--mipnerf360-bonsai--a100--s2,gsplat,mipnerf360/bonsai,2,7000,75.86624026298523,30.19827651977539,0.940933883190155,0.07138267904520035,1134369
primary_full_convergence--gsplat--mipnerf360-bonsai--a100--s2,gsplat,mipnerf360/bonsai,2,15000,182.51369881629944,31.524242401123047,0.9525730013847351,0.05652179196476936,1241905
primary_full_convergence--gsplat--mipnerf360-bonsai--a100--s2,gsplat,mipnerf360/bonsai,2,30000,405.16457411297597,32.782684326171875,0.9591792821884155,0.04783124476671219,1241905
primary_full_convergence--gsplat--mipnerf360-counter--a100--s0,gsplat,mipnerf360/counter,0,7000,73.68191838264465,27.67194938659668,0.8989520072937012,0.11752693355083466,979191
primary_full_convergence--gsplat--mipnerf360-counter--a100--s0,gsplat,mipnerf360/counter,0,15000,189.28482794761658,28.703201293945312,0.9190575480461121,0.09192589670419693,1139438
primary_full_convergence--gsplat--mipnerf360-counter--a100--s0,gsplat,mipnerf360/counter,0,30000,471.75028425990604,29.53982925415039,0.9277387857437134,0.07964077591896057,1139438
primary_full_convergence--gsplat--mipnerf360-counter--a100--s1,gsplat,mipnerf360/counter,1,7000,74.57249116897583,27.599136352539062,0.8979330062866211,0.11812080442905426,972822
primary_full_convergence--gsplat--mipnerf360-counter--a100--s1,gsplat,mipnerf360/counter,1,15000,189.6847312450409,28.722728729248047,0.9185174107551575,0.09250488132238388,1104861
primary_full_convergence--gsplat--mipnerf360-counter--a100--s1,gsplat,mipnerf360/counter,1,30000,463.67135664308444,29.377779006958008,0.9253150224685669,0.08121047168970108,1104861
primary_full_convergence--gsplat--mipnerf360-counter--a100--s2,gsplat,mipnerf360/counter,2,7000,74.34995150566101,27.654705047607422,0.8968642354011536,0.1197514608502388,972484
primary_full_convergence--gsplat--mipnerf360-counter--a100--s2,gsplat,mipnerf360/counter,2,15000,188.2378544807434,28.79914665222168,0.9182624220848083,0.09346023201942444,1094674
primary_full_convergence--gsplat--mipnerf360-counter--a100--s2,gsplat,mipnerf360/counter,2,30000,427.11824360699393,29.51770782470703,0.9266204833984375,0.08006706833839417,1094674
primary_full_convergence--gsplat--mipnerf360-garden--a100--s0,gsplat,mipnerf360/garden,0,7000,143.36275339126587,26.502193450927734,0.8346089124679565,0.11898116767406464,3975307
primary_full_convergence--gsplat--mipnerf360-garden--a100--s0,gsplat,mipnerf360/garden,0,15000,411.58634877204895,27.390241622924805,0.8641350269317627,0.08266636729240417,5033079
primary_full_convergence--gsplat--mipnerf360-garden--a100--s0,gsplat,mipnerf360/garden,0,30000,912.1363584040664,27.749755859375,0.8724868297576904,0.07146503776311874,5033079
primary_full_convergence--gsplat--mipnerf360-garden--a100--s1,gsplat,mipnerf360/garden,1,7000,145.61172318458557,26.490036010742188,0.8340031504631042,0.12015454471111298,3943797
primary_full_convergence--gsplat--mipnerf360-garden--a100--s1,gsplat,mipnerf360/garden,1,15000,413.31697034835815,27.294883728027344,0.8620011210441589,0.08280962705612183,4997480
primary_full_convergence--gsplat--mipnerf360-garden--a100--s1,gsplat,mipnerf360/garden,1,30000,906.3665252190549,27.71082305908203,0.871518075466156,0.07232391089200974,4997480
primary_full_convergence--gsplat--mipnerf360-garden--a100--s2,gsplat,mipnerf360/garden,2,7000,142.6136074066162,26.334579467773438,0.8290898203849792,0.12009575963020325,3941038
primary_full_convergence--gsplat--mipnerf360-garden--a100--s2,gsplat,mipnerf360/garden,2,15000,410.69401001930237,27.461729049682617,0.8646051287651062,0.0815342515707016,5017648
primary_full_convergence--gsplat--mipnerf360-garden--a100--s2,gsplat,mipnerf360/garden,2,30000,904.3209010099526,27.75151824951172,0.870887041091919,0.07148847728967667,5017648
primary_full_convergence--gsplat--mipnerf360-kitchen--a100--s0,gsplat,mipnerf360/kitchen,0,7000,86.80480337142944,29.63734245300293,0.9300106763839722,0.06216616556048393,1569149
primary_full_convergence--gsplat--mipnerf360-kitchen--a100--s0,gsplat,mipnerf360/kitchen,0,15000,221.3157958984375,31.163135528564453,0.946179986000061,0.0470866821706295,1692703
primary_full_convergence--gsplat--mipnerf360-kitchen--a100--s0,gsplat,mipnerf360/kitchen,0,30000,539.396224809112,32.246212005615234,0.952422022819519,0.04074554890394211,1692703
primary_full_convergence--gsplat--mipnerf360-kitchen--a100--s1,gsplat,mipnerf360/kitchen,1,7000,86.9462902545929,29.62355613708496,0.9275906085968018,0.06363508105278015,1602688
primary_full_convergence--gsplat--mipnerf360-kitchen--a100--s1,gsplat,mipnerf360/kitchen,1,15000,223.15276098251343,31.3447265625,0.9461392164230347,0.0467018224298954,1728977
primary_full_convergence--gsplat--mipnerf360-kitchen--a100--s1,gsplat,mipnerf360/kitchen,1,30000,507.7342235809192,32.399757385253906,0.952361524105072,0.04055963084101677,1728977
primary_full_convergence--gsplat--mipnerf360-kitchen--a100--s2,gsplat,mipnerf360/kitchen,2,7000,87.69821190834045,29.545211791992188,0.9291689395904541,0.061487484723329544,1573351
primary_full_convergence--gsplat--mipnerf360-kitchen--a100--s2,gsplat,mipnerf360/kitchen,2,15000,222.44922375679016,31.238500595092773,0.9458075165748596,0.04728615656495094,1716404
primary_full_convergence--gsplat--mipnerf360-kitchen--a100--s2,gsplat,mipnerf360/kitchen,2,30000,463.3251175780315,32.24498748779297,0.9520776867866516,0.040550559759140015,1716404
primary_full_convergence--gsplat--mipnerf360-room--a100--s0,gsplat,mipnerf360/room,0,7000,69.96796226501465,29.81966209411621,0.9215406179428101,0.1026591807603836,1094799
primary_full_convergence--gsplat--mipnerf360-room--a100--s0,gsplat,mipnerf360/room,0,15000,182.7806167602539,31.068479537963867,0.9381511807441711,0.07776502519845963,1475821
primary_full_convergence--gsplat--mipnerf360-room--a100--s0,gsplat,mipnerf360/room,0,30000,487.89254968916066,32.04288864135742,0.9457685351371765,0.06791413575410843,1475821
primary_full_convergence--gsplat--mipnerf360-room--a100--s1,gsplat,mipnerf360/room,1,7000,71.25783038139343,29.903684616088867,0.9252195358276367,0.10086051374673843,1113637
primary_full_convergence--gsplat--mipnerf360-room--a100--s1,gsplat,mipnerf360/room,1,15000,184.0837483406067,31.39002799987793,0.9416189789772034,0.07551801204681396,1486510
primary_full_convergence--gsplat--mipnerf360-room--a100--s1,gsplat,mipnerf360/room,1,30000,484.82941688783467,32.26411819458008,0.9476091265678406,0.0674116462469101,1486510
primary_full_convergence--gsplat--mipnerf360-room--a100--s2,gsplat,mipnerf360/room,2,7000,70.15736389160156,30.14503288269043,0.9258043169975281,0.099910669028759,1115988
primary_full_convergence--gsplat--mipnerf360-room--a100--s2,gsplat,mipnerf360/room,2,15000,183.16923570632935,31.31355857849121,0.9412375092506409,0.07670482248067856,1488300
primary_full_convergence--gsplat--mipnerf360-room--a100--s2,gsplat,mipnerf360/room,2,30000,476.3055745130405,32.309715270996094,0.9470686316490173,0.067454993724823,1488300
primary_full_convergence--gsplat--mipnerf360-stump--a100--s0,gsplat,mipnerf360/stump,0,7000,122.1239104270935,25.907108306884766,0.736499011516571,0.23645681142807007,3685810
primary_full_convergence--gsplat--mipnerf360-stump--a100--s0,gsplat,mipnerf360/stump,0,15000,348.49768471717834,26.899911880493164,0.7828445434570312,0.1583573818206787,4656564
primary_full_convergence--gsplat--mipnerf360-stump--a100--s0,gsplat,mipnerf360/stump,0,30000,854.5604031970724,26.87335968017578,0.7830610275268555,0.14390763640403748,4656564
primary_full_convergence--gsplat--mipnerf360-stump--a100--s1,gsplat,mipnerf360/stump,1,7000,120.90425181388855,26.1036376953125,0.7412744760513306,0.23520471155643463,3676056
primary_full_convergence--gsplat--mipnerf360-stump--a100--s1,gsplat,mipnerf360/stump,1,15000,348.7026708126068,26.938594818115234,0.7828667163848877,0.15906506776809692,4764288
primary_full_convergence--gsplat--mipnerf360-stump--a100--s1,gsplat,mipnerf360/stump,1,30000,852.5305863020476,26.936798095703125,0.7821813821792603,0.14464080333709717,4764288
primary_full_convergence--gsplat--mipnerf360-stump--a100--s2,gsplat,mipnerf360/stump,2,7000,124.89956665039062,26.069686889648438,0.741355299949646,0.23510031402111053,3802859
primary_full_convergence--gsplat--mipnerf360-stump--a100--s2,gsplat,mipnerf360/stump,2,15000,356.85153436660767,26.8874454498291,0.7815548181533813,0.16021683812141418,4761013
primary_full_convergence--gsplat--mipnerf360-stump--a100--s2,gsplat,mipnerf360/stump,2,30000,865.0304201748222,26.895381927490234,0.7819076180458069,0.14538611471652985,4761013
primary_full_convergence--gsplat--tanks_and_temples-train--a100--s0,gsplat,tanks_and_temples/train,0,7000,87.372478723526,20.681015014648438,0.8119391798973083,0.11657503992319107,433167
primary_full_convergence--gsplat--tanks_and_temples-train--a100--s0,gsplat,tanks_and_temples/train,0,15000,208.10730624198914,21.725120544433594,0.8563178181648254,0.07479649037122726,482019
primary_full_convergence--gsplat--tanks_and_temples-train--a100--s0,gsplat,tanks_and_temples/train,0,30000,452.6991129259113,22.823410034179688,0.8812609314918518,0.055118680000305176,482019
primary_full_convergence--gsplat--tanks_and_temples-train--a100--s1,gsplat,tanks_and_temples/train,1,7000,86.16072869300842,20.388620376586914,0.8087041974067688,0.11672677844762802,416411
primary_full_convergence--gsplat--tanks_and_temples-train--a100--s1,gsplat,tanks_and_temples/train,1,15000,207.4266378879547,21.710205078125,0.8569847941398621,0.07672100514173508,510963
primary_full_convergence--gsplat--tanks_and_temples-train--a100--s1,gsplat,tanks_and_temples/train,1,30000,433.5147676060442,23.031749725341797,0.8827583193778992,0.05566367879509926,510963
primary_full_convergence--gsplat--tanks_and_temples-train--a100--s2,gsplat,tanks_and_temples/train,2,7000,85.95408654212952,20.620071411132812,0.8174008727073669,0.11437394469976425,429454
primary_full_convergence--gsplat--tanks_and_temples-train--a100--s2,gsplat,tanks_and_temples/train,2,15000,209.6483016014099,21.580341339111328,0.8599388599395752,0.07425224035978317,507377
primary_full_convergence--gsplat--tanks_and_temples-train--a100--s2,gsplat,tanks_and_temples/train,2,30000,440.0920332001988,22.56437110900879,0.8813298940658569,0.055968962609767914,507377
primary_full_convergence--gsplat--tanks_and_temples-truck--a100--s0,gsplat,tanks_and_temples/truck,0,7000,71.86307263374329,25.800710678100586,0.9225072860717773,0.03530416265130043,701839
primary_full_convergence--gsplat--tanks_and_temples-truck--a100--s0,gsplat,tanks_and_temples/truck,0,15000,175.55565524101257,26.712078094482422,0.9344284534454346,0.02846921980381012,840878
primary_full_convergence--gsplat--tanks_and_temples-truck--a100--s0,gsplat,tanks_and_temples/truck,0,30000,364.6484722979367,27.575847625732422,0.9408871531486511,0.023598119616508484,840878
primary_full_convergence--gsplat--tanks_and_temples-truck--a100--s1,gsplat,tanks_and_temples/truck,1,7000,72.38109588623047,25.668216705322266,0.9201762676239014,0.03721923753619194,683203
primary_full_convergence--gsplat--tanks_and_temples-truck--a100--s1,gsplat,tanks_and_temples/truck,1,15000,178.36046433448792,26.637149810791016,0.9336002469062805,0.028941020369529724,849907
primary_full_convergence--gsplat--tanks_and_temples-truck--a100--s1,gsplat,tanks_and_temples/truck,1,30000,370.51741694193333,27.417394638061523,0.9400614500045776,0.023969480767846107,849907
primary_full_convergence--gsplat--tanks_and_temples-truck--a100--s2,gsplat,tanks_and_temples/truck,2,7000,71.16994333267212,25.782148361206055,0.9214355945587158,0.03590794652700424,683237
primary_full_convergence--gsplat--tanks_and_temples-truck--a100--s2,gsplat,tanks_and_temples/truck,2,15000,174.2689459323883,26.686412811279297,0.9330486059188843,0.029000546783208847,830366
primary_full_convergence--gsplat--tanks_and_temples-truck--a100--s2,gsplat,tanks_and_temples/truck,2,30000,361.0323535259813,27.521852493286133,0.9401290416717529,0.024235762655735016,830366
primary_full_convergence--higs_full--deep_blending-drjohnson--a100--s0,higs_full,deep_blending/drjohnson,0,7000,79.50890278816223,27.383583068847656,0.8712233304977417,0.12021521478891373,1939182
primary_full_convergence--higs_full--deep_blending-drjohnson--a100--s0,higs_full,deep_blending/drjohnson,0,15000,220.03477263450623,28.62615394592285,0.899585485458374,0.07972483336925507,2286754
primary_full_convergence--higs_full--deep_blending-drjohnson--a100--s0,higs_full,deep_blending/drjohnson,0,30000,457.1389999180101,29.044519424438477,0.9036985635757446,0.06949566304683685,2292420
primary_full_convergence--higs_full--deep_blending-drjohnson--a100--s1,higs_full,deep_blending/drjohnson,1,7000,78.43362236022949,27.30656623840332,0.8709902167320251,0.12444335967302322,1842087
primary_full_convergence--higs_full--deep_blending-drjohnson--a100--s1,higs_full,deep_blending/drjohnson,1,15000,215.50744009017944,28.527379989624023,0.8989091515541077,0.08090123534202576,2284561
primary_full_convergence--higs_full--deep_blending-drjohnson--a100--s1,higs_full,deep_blending/drjohnson,1,30000,453.76703894580714,29.119436264038086,0.9027987122535706,0.06954953074455261,2284561
primary_full_convergence--higs_full--deep_blending-drjohnson--a100--s2,higs_full,deep_blending/drjohnson,2,7000,78.54457759857178,27.18385124206543,0.8687944412231445,0.12416879087686539,1934011
primary_full_convergence--higs_full--deep_blending-drjohnson--a100--s2,higs_full,deep_blending/drjohnson,2,15000,214.76553630828857,28.459983825683594,0.8988422155380249,0.08003544062376022,2261504
primary_full_convergence--higs_full--deep_blending-drjohnson--a100--s2,higs_full,deep_blending/drjohnson,2,30000,456.7322038128041,29.069734573364258,0.9036794900894165,0.06728338450193405,2276827
primary_full_convergence--higs_full--deep_blending-playroom--a100--s0,higs_full,deep_blending/playroom,0,7000,66.69565629959106,29.745141983032227,0.9233050346374512,0.05912083387374878,1179752
primary_full_convergence--higs_full--deep_blending-playroom--a100--s0,higs_full,deep_blending/playroom,0,15000,166.35897779464722,30.367734909057617,0.9329653978347778,0.0455440916121006,1400093
primary_full_convergence--higs_full--deep_blending-playroom--a100--s0,higs_full,deep_blending/playroom,0,30000,343.5779649410397,30.14192771911621,0.9283229112625122,0.044311054050922394,1400093
primary_full_convergence--higs_full--deep_blending-playroom--a100--s1,higs_full,deep_blending/playroom,1,7000,66.62511610984802,29.652441024780273,0.9240074753761292,0.059812601655721664,1193075
primary_full_convergence--higs_full--deep_blending-playroom--a100--s1,higs_full,deep_blending/playroom,1,15000,168.9043378829956,29.98240089416504,0.9310707449913025,0.047563131898641586,1396783
primary_full_convergence--higs_full--deep_blending-playroom--a100--s1,higs_full,deep_blending/playroom,1,30000,344.57454328006133,29.903926849365234,0.9273505210876465,0.04730908200144768,1396783
primary_full_convergence--higs_full--deep_blending-playroom--a100--s2,higs_full,deep_blending/playroom,2,7000,66.15576767921448,29.58072280883789,0.920286238193512,0.060658667236566544,1187065
primary_full_convergence--higs_full--deep_blending-playroom--a100--s2,higs_full,deep_blending/playroom,2,15000,168.01159167289734,30.142492294311523,0.9308969974517822,0.046688128262758255,1381395
primary_full_convergence--higs_full--deep_blending-playroom--a100--s2,higs_full,deep_blending/playroom,2,30000,341.13186404504813,30.09037971496582,0.9287275075912476,0.04460848122835159,1381395
primary_full_convergence--higs_full--mipnerf360-bicycle--a100--s0,higs_full,mipnerf360/bicycle,0,7000,127.95031380653381,24.059066772460938,0.6806349158287048,0.30257633328437805,3602315
primary_full_convergence--higs_full--mipnerf360-bicycle--a100--s0,higs_full,mipnerf360/bicycle,0,15000,395.4508605003357,25.21229362487793,0.7608831524848938,0.19009460508823395,5894278
primary_full_convergence--higs_full--mipnerf360-bicycle--a100--s0,higs_full,mipnerf360/bicycle,0,30000,926.6533873821609,25.628671646118164,0.7745299935340881,0.15801668167114258,5894278
primary_full_convergence--higs_full--mipnerf360-bicycle--a100--s1,higs_full,mipnerf360/bicycle,1,7000,124.32299947738647,24.032222747802734,0.683652937412262,0.29987436532974243,3575513
primary_full_convergence--higs_full--mipnerf360-bicycle--a100--s1,higs_full,mipnerf360/bicycle,1,15000,390.2388994693756,25.362586975097656,0.7622381448745728,0.18891596794128418,5828721
primary_full_convergence--higs_full--mipnerf360-bicycle--a100--s1,higs_full,mipnerf360/bicycle,1,30000,914.3010605741292,25.53370475769043,0.7734560966491699,0.1601368486881256,5828721
primary_full_convergence--higs_full--mipnerf360-bicycle--a100--s2,higs_full,mipnerf360/bicycle,2,7000,127.22243165969849,24.019393920898438,0.6779325604438782,0.3035198748111725,3589905
primary_full_convergence--higs_full--mipnerf360-bicycle--a100--s2,higs_full,mipnerf360/bicycle,2,15000,395.26628136634827,25.25691795349121,0.7596084475517273,0.19116055965423584,5837875
primary_full_convergence--higs_full--mipnerf360-bicycle--a100--s2,higs_full,mipnerf360/bicycle,2,30000,921.0295934728347,25.53335189819336,0.7731623649597168,0.1604011505842209,5837875
primary_full_convergence--higs_full--mipnerf360-bonsai--a100--s0,higs_full,mipnerf360/bonsai,0,7000,82.90636682510376,30.277307510375977,0.9416666030883789,0.0719442144036293,1178186
primary_full_convergence--higs_full--mipnerf360-bonsai--a100--s0,higs_full,mipnerf360/bonsai,0,15000,193.96793913841248,31.70046615600586,0.9537919759750366,0.05582345649600029,1255474
primary_full_convergence--higs_full--mipnerf360-bonsai--a100--s0,higs_full,mipnerf360/bonsai,0,30000,396.3561723099556,32.74994659423828,0.9601671695709229,0.04785327613353729,1255474
primary_full_convergence--higs_full--mipnerf360-bonsai--a100--s1,higs_full,mipnerf360/bonsai,1,7000,80.1771912574768,30.103708267211914,0.93936687707901,0.0732320100069046,1115958
primary_full_convergence--higs_full--mipnerf360-bonsai--a100--s1,higs_full,mipnerf360/bonsai,1,15000,189.7517580986023,31.619550704956055,0.953960657119751,0.05671493709087372,1231076
primary_full_convergence--higs_full--mipnerf360-bonsai--a100--s1,higs_full,mipnerf360/bonsai,1,30000,386.9962146920152,32.66889953613281,0.9594084620475769,0.048215482383966446,1231076
primary_full_convergence--higs_full--mipnerf360-bonsai--a100--s2,higs_full,mipnerf360/bonsai,2,7000,81.37804937362671,30.228464126586914,0.9412140846252441,0.07193394750356674,1135358
primary_full_convergence--higs_full--mipnerf360-bonsai--a100--s2,higs_full,mipnerf360/bonsai,2,15000,192.26064586639404,31.618619918823242,0.9530550241470337,0.056359075009822845,1238405
primary_full_convergence--higs_full--mipnerf360-bonsai--a100--s2,higs_full,mipnerf360/bonsai,2,30000,393.7194863019977,32.85527038574219,0.9590694308280945,0.04720998555421829,1238405
primary_full_convergence--higs_full--mipnerf360-counter--a100--s0,higs_full,mipnerf360/counter,0,7000,79.60154032707214,27.742677688598633,0.8992149829864502,0.11680112034082413,973981
primary_full_convergence--higs_full--mipnerf360-counter--a100--s0,higs_full,mipnerf360/counter,0,15000,200.27444767951965,28.7919979095459,0.9193432331085205,0.09077955782413483,1126285
primary_full_convergence--higs_full--mipnerf360-counter--a100--s0,higs_full,mipnerf360/counter,0,30000,417.8953422228806,29.660642623901367,0.9279893636703491,0.07872787117958069,1126285
primary_full_convergence--higs_full--mipnerf360-counter--a100--s1,higs_full,mipnerf360/counter,1,7000,78.79930257797241,27.5957088470459,0.8978140354156494,0.11877088993787766,963414
primary_full_convergence--higs_full--mipnerf360-counter--a100--s1,higs_full,mipnerf360/counter,1,15000,199.6751890182495,28.809661865234375,0.9189519882202148,0.0913151279091835,1092607
primary_full_convergence--higs_full--mipnerf360-counter--a100--s1,higs_full,mipnerf360/counter,1,30000,408.42392673692666,29.47500991821289,0.9260737299919128,0.08076688647270203,1092607
primary_full_convergence--higs_full--mipnerf360-counter--a100--s2,higs_full,mipnerf360/counter,2,7000,79.78860688209534,27.646446228027344,0.8968137502670288,0.11944438517093658,963247
primary_full_convergence--higs_full--mipnerf360-counter--a100--s2,higs_full,mipnerf360/counter,2,15000,199.86142468452454,28.878265380859375,0.9186582565307617,0.0930035337805748,1085001
primary_full_convergence--higs_full--mipnerf360-counter--a100--s2,higs_full,mipnerf360/counter,2,30000,407.0675116868224,29.57773208618164,0.926822304725647,0.08013568818569183,1085001
primary_full_convergence--higs_full--mipnerf360-garden--a100--s0,higs_full,mipnerf360/garden,0,7000,144.96319699287415,26.551626205444336,0.8352123498916626,0.1184464693069458,3982610
primary_full_convergence--higs_full--mipnerf360-garden--a100--s0,higs_full,mipnerf360/garden,0,15000,409.5900630950928,27.44537925720215,0.8647788763046265,0.08170264214277267,5050825
primary_full_convergence--higs_full--mipnerf360-garden--a100--s0,higs_full,mipnerf360/garden,0,30000,903.9784631070215,27.805095672607422,0.8730775713920593,0.07058746367692947,5050825
primary_full_convergence--higs_full--mipnerf360-garden--a100--s1,higs_full,mipnerf360/garden,1,7000,145.3653814792633,26.42371368408203,0.8331899642944336,0.1207369714975357,3909329
primary_full_convergence--higs_full--mipnerf360-garden--a100--s1,higs_full,mipnerf360/garden,1,15000,407.43028354644775,27.213520050048828,0.8612076044082642,0.08351697027683258,4986522
primary_full_convergence--higs_full--mipnerf360-garden--a100--s1,higs_full,mipnerf360/garden,1,30000,901.0843988258857,27.626121520996094,0.870664119720459,0.07310079038143158,4986522
primary_full_convergence--higs_full--mipnerf360-garden--a100--s2,higs_full,mipnerf360/garden,2,7000,145.3637409210205,26.296955108642578,0.82867431640625,0.11975213140249252,3940001
primary_full_convergence--higs_full--mipnerf360-garden--a100--s2,higs_full,mipnerf360/garden,2,15000,412.4250099658966,27.386524200439453,0.8639501333236694,0.08192474395036697,5008543
primary_full_convergence--higs_full--mipnerf360-garden--a100--s2,higs_full,mipnerf360/garden,2,30000,906.2235339039471,27.691360473632812,0.8702707290649414,0.07221496105194092,5008543
primary_full_convergence--higs_full--mipnerf360-kitchen--a100--s0,higs_full,mipnerf360/kitchen,0,7000,95.03679656982422,29.829538345336914,0.9303237795829773,0.06195499002933502,1564714
primary_full_convergence--higs_full--mipnerf360-kitchen--a100--s0,higs_full,mipnerf360/kitchen,0,15000,239.13778495788574,31.339733123779297,0.9462988972663879,0.04692064970731735,1690991
primary_full_convergence--higs_full--mipnerf360-kitchen--a100--s0,higs_full,mipnerf360/kitchen,0,30000,495.13757486711256,32.290916442871094,0.9524281024932861,0.040741629898548126,1690991
primary_full_convergence--higs_full--mipnerf360-kitchen--a100--s1,higs_full,mipnerf360/kitchen,1,7000,95.50570011138916,29.340768814086914,0.9269253611564636,0.0641930028796196,1575544
primary_full_convergence--higs_full--mipnerf360-kitchen--a100--s1,higs_full,mipnerf360/kitchen,1,15000,240.59921193122864,31.05128288269043,0.9453622102737427,0.047448012977838516,1702585
primary_full_convergence--higs_full--mipnerf360-kitchen--a100--s1,higs_full,mipnerf360/kitchen,1,30000,497.59210730786435,32.097007751464844,0.9514502286911011,0.04164819046854973,1702585
primary_full_convergence--higs_full--mipnerf360-kitchen--a100--s2,higs_full,mipnerf360/kitchen,2,7000,95.77873396873474,29.661401748657227,0.9292563199996948,0.06152050942182541,1560858
primary_full_convergence--higs_full--mipnerf360-kitchen--a100--s2,higs_full,mipnerf360/kitchen,2,15000,242.47033977508545,30.87546730041504,0.9410788416862488,0.04931585118174553,1712093
primary_full_convergence--higs_full--mipnerf360-kitchen--a100--s2,higs_full,mipnerf360/kitchen,2,30000,501.13459392497316,31.836132049560547,0.9452608227729797,0.044892583042383194,1712093
primary_full_convergence--higs_full--mipnerf360-room--a100--s0,higs_full,mipnerf360/room,0,7000,74.30125665664673,29.999135971069336,0.9244534373283386,0.10111675411462784,1086172
primary_full_convergence--higs_full--mipnerf360-room--a100--s0,higs_full,mipnerf360/room,0,15000,193.01647400856018,30.8331241607666,0.9354958534240723,0.08552005141973495,1456898
primary_full_convergence--higs_full--mipnerf360-room--a100--s0,higs_full,mipnerf360/room,0,30000,449.06418165401556,31.642230987548828,0.9393368363380432,0.07918525487184525,1456898
primary_full_convergence--higs_full--mipnerf360-room--a100--s1,higs_full,mipnerf360/room,1,7000,69.84551882743835,30.01576042175293,0.9262871742248535,0.09994819760322571,1110960
primary_full_convergence--higs_full--mipnerf360-room--a100--s1,higs_full,mipnerf360/room,1,15000,185.59653520584106,31.358945846557617,0.9419117569923401,0.07449880987405777,1477199
primary_full_convergence--higs_full--mipnerf360-room--a100--s1,higs_full,mipnerf360/room,1,30000,392.59383541718125,32.26580810546875,0.9477773904800415,0.06642547994852066,1477199
primary_full_convergence--higs_full--mipnerf360-room--a100--s2,higs_full,mipnerf360/room,2,7000,72.20101714134216,30.116775512695312,0.9256965517997742,0.09970828890800476,1118435
primary_full_convergence--higs_full--mipnerf360-room--a100--s2,higs_full,mipnerf360/room,2,15000,188.28061604499817,31.378440856933594,0.941080629825592,0.07613597810268402,1506554
primary_full_convergence--higs_full--mipnerf360-room--a100--s2,higs_full,mipnerf360/room,2,30000,397.18440169794485,32.42741775512695,0.9476414322853088,0.06604570150375366,1506554
primary_full_convergence--higs_full--mipnerf360-stump--a100--s0,higs_full,mipnerf360/stump,0,7000,124.07487177848816,25.971923828125,0.737183690071106,0.23741380870342255,3636992
primary_full_convergence--higs_full--mipnerf360-stump--a100--s0,higs_full,mipnerf360/stump,0,15000,346.24638962745667,26.911806106567383,0.7827752232551575,0.15932528674602509,4575082
primary_full_convergence--higs_full--mipnerf360-stump--a100--s0,higs_full,mipnerf360/stump,0,30000,827.8972835310269,26.873706817626953,0.7835283875465393,0.1438731998205185,4575082
primary_full_convergence--higs_full--mipnerf360-stump--a100--s1,higs_full,mipnerf360/stump,1,7000,125.26842069625854,26.17568016052246,0.7416738867759705,0.2349674254655838,3704883
primary_full_convergence--higs_full--mipnerf360-stump--a100--s1,higs_full,mipnerf360/stump,1,15000,346.4544861316681,27.000267028808594,0.7836043238639832,0.15777724981307983,4762239
primary_full_convergence--higs_full--mipnerf360-stump--a100--s1,higs_full,mipnerf360/stump,1,30000,760.6219675231259,26.969440460205078,0.7830504775047302,0.1430734544992447,4762239
primary_full_convergence--higs_full--mipnerf360-stump--a100--s2,higs_full,mipnerf360/stump,2,7000,124.2005546092987,26.069528579711914,0.7400976419448853,0.23486226797103882,3728862
primary_full_convergence--higs_full--mipnerf360-stump--a100--s2,higs_full,mipnerf360/stump,2,15000,348.9954676628113,26.870906829833984,0.7806719541549683,0.16008467972278595,4683627
primary_full_convergence--higs_full--mipnerf360-stump--a100--s2,higs_full,mipnerf360/stump,2,30000,757.8432722599246,26.87238311767578,0.7811669707298279,0.14517247676849365,4683627
primary_full_convergence--higs_full--tanks_and_temples-train--a100--s0,higs_full,tanks_and_temples/train,0,7000,104.93372941017151,20.546871185302734,0.8146482110023499,0.11393633484840393,437519
primary_full_convergence--higs_full--tanks_and_temples-train--a100--s0,higs_full,tanks_and_temples/train,0,15000,249.11187553405762,21.636491775512695,0.8573313355445862,0.07460926473140717,483953
primary_full_convergence--higs_full--tanks_and_temples-train--a100--s0,higs_full,tanks_and_temples/train,0,30000,513.4484394800384,22.546098709106445,0.8786145448684692,0.05766377970576286,483953
primary_full_convergence--higs_full--tanks_and_temples-train--a100--s1,higs_full,tanks_and_temples/train,1,7000,103.64448976516724,20.522939682006836,0.811920702457428,0.11693253368139267,420079
primary_full_convergence--higs_full--tanks_and_temples-train--a100--s1,higs_full,tanks_and_temples/train,1,15000,250.7736577987671,21.655170440673828,0.8585753440856934,0.07576519250869751,510528
primary_full_convergence--higs_full--tanks_and_temples-train--a100--s1,higs_full,tanks_and_temples/train,1,30000,525.8896082758438,22.748023986816406,0.8821959495544434,0.05619049072265625,510528
primary_full_convergence--higs_full--tanks_and_temples-train--a100--s2,higs_full,tanks_and_temples/train,2,7000,102.49416947364807,20.540197372436523,0.8167861700057983,0.11533531546592712,432711
primary_full_convergence--higs_full--tanks_and_temples-train--a100--s2,higs_full,tanks_and_temples/train,2,15000,250.49092721939087,21.81842803955078,0.8617788553237915,0.07308637350797653,509505
primary_full_convergence--higs_full--tanks_and_temples-train--a100--s2,higs_full,tanks_and_temples/train,2,30000,528.1676901469473,22.755891799926758,0.8820200562477112,0.055270835757255554,509505
primary_full_convergence--higs_full--tanks_and_temples-truck--a100--s0,higs_full,tanks_and_temples/truck,0,7000,85.88110041618347,25.79241943359375,0.9221692085266113,0.03570970147848129,696555
primary_full_convergence--higs_full--tanks_and_temples-truck--a100--s0,higs_full,tanks_and_temples/truck,0,15000,207.17709231376648,26.745370864868164,0.9342488646507263,0.028298871591687202,837130
primary_full_convergence--higs_full--tanks_and_temples-truck--a100--s0,higs_full,tanks_and_temples/truck,0,30000,426.55489256512374,27.62004852294922,0.940485954284668,0.023939456790685654,837130
primary_full_convergence--higs_full--tanks_and_temples-truck--a100--s1,higs_full,tanks_and_temples/truck,1,7000,84.46373414993286,25.621902465820312,0.9202885031700134,0.03759658336639404,677084
primary_full_convergence--higs_full--tanks_and_temples-truck--a100--s1,higs_full,tanks_and_temples/truck,1,15000,204.8153383731842,26.687820434570312,0.934006929397583,0.02873346395790577,834157
primary_full_convergence--higs_full--tanks_and_temples-truck--a100--s1,higs_full,tanks_and_temples/truck,1,30000,425.16754596307874,27.506013870239258,0.9402279853820801,0.02425493486225605,834157
primary_full_convergence--higs_full--tanks_and_temples-truck--a100--s2,higs_full,tanks_and_temples/truck,2,7000,84.42930221557617,25.81320571899414,0.9215449094772339,0.03600670024752617,681435
primary_full_convergence--higs_full--tanks_and_temples-truck--a100--s2,higs_full,tanks_and_temples/truck,2,15000,203.49936246871948,26.63381004333496,0.9328815937042236,0.028959985822439194,825352
primary_full_convergence--higs_full--tanks_and_temples-truck--a100--s2,higs_full,tanks_and_temples/truck,2,30000,419.5028060199693,27.526405334472656,0.9398690462112427,0.02479649893939495,825352
primary_full_convergence--higs_proposed--deep_blending-drjohnson--a100--s0,higs_proposed,deep_blending/drjohnson,0,7000,89.43812584877014,25.222728729248047,0.7915490865707397,0.17895790934562683,1444654
primary_full_convergence--higs_proposed--deep_blending-drjohnson--a100--s0,higs_proposed,deep_blending/drjohnson,0,15000,241.31399154663086,25.394264221191406,0.7920107841491699,0.1384630650281906,1653919
primary_full_convergence--higs_proposed--deep_blending-drjohnson--a100--s0,higs_proposed,deep_blending/drjohnson,0,30000,476.03780651604757,28.726356506347656,0.8886305689811707,0.08800483494997025,1653330
primary_full_convergence--higs_proposed--deep_blending-drjohnson--a100--s1,higs_proposed,deep_blending/drjohnson,1,7000,88.19802188873291,25.434131622314453,0.7979713678359985,0.17415550351142883,1436401
primary_full_convergence--higs_proposed--deep_blending-drjohnson--a100--s1,higs_proposed,deep_blending/drjohnson,1,15000,237.22263765335083,25.56772804260254,0.7962905168533325,0.13452379405498505,1634727
primary_full_convergence--higs_proposed--deep_blending-drjohnson--a100--s1,higs_proposed,deep_blending/drjohnson,1,30000,470.49163457611576,28.699676513671875,0.889227569103241,0.08909894526004791,1634727
primary_full_convergence--higs_proposed--deep_blending-drjohnson--a100--s2,higs_proposed,deep_blending/drjohnson,2,7000,88.48762798309326,25.46198081970215,0.7981793284416199,0.173251211643219,1462347
primary_full_convergence--higs_proposed--deep_blending-drjohnson--a100--s2,higs_proposed,deep_blending/drjohnson,2,15000,236.2410373687744,25.695554733276367,0.7970280647277832,0.13361914455890656,1642392
primary_full_convergence--higs_proposed--deep_blending-drjohnson--a100--s2,higs_proposed,deep_blending/drjohnson,2,30000,468.564850714989,28.807064056396484,0.8893957734107971,0.08828333765268326,1642392
primary_full_convergence--higs_proposed--deep_blending-playroom--a100--s0,higs_proposed,deep_blending/playroom,0,7000,68.93493223190308,26.626611709594727,0.8652709126472473,0.11623604595661163,874831
primary_full_convergence--higs_proposed--deep_blending-playroom--a100--s0,higs_proposed,deep_blending/playroom,0,15000,169.05003428459167,26.899505615234375,0.8693154454231262,0.09648092836141586,949037
primary_full_convergence--higs_proposed--deep_blending-playroom--a100--s0,higs_proposed,deep_blending/playroom,0,30000,326.01326030888595,29.545373916625977,0.9179349541664124,0.06300142407417297,949037
primary_full_convergence--higs_proposed--deep_blending-playroom--a100--s1,higs_proposed,deep_blending/playroom,1,7000,68.80006885528564,26.711626052856445,0.866572916507721,0.11668215692043304,869722
primary_full_convergence--higs_proposed--deep_blending-playroom--a100--s1,higs_proposed,deep_blending/playroom,1,15000,171.13678765296936,26.968942642211914,0.8701720237731934,0.09583602845668793,945887
primary_full_convergence--higs_proposed--deep_blending-playroom--a100--s1,higs_proposed,deep_blending/playroom,1,30000,333.01344021898694,29.61216163635254,0.9183098077774048,0.06366870552301407,945887
primary_full_convergence--higs_proposed--deep_blending-playroom--a100--s2,higs_proposed,deep_blending/playroom,2,7000,68.49678039550781,26.13660430908203,0.8621202707290649,0.11992007493972778,877180
primary_full_convergence--higs_proposed--deep_blending-playroom--a100--s2,higs_proposed,deep_blending/playroom,2,15000,171.33782267570496,26.449665069580078,0.8658444881439209,0.10166347771883011,954171
primary_full_convergence--higs_proposed--deep_blending-playroom--a100--s2,higs_proposed,deep_blending/playroom,2,30000,331.6880853930488,29.108091354370117,0.9139058589935303,0.06757306307554245,954171
primary_full_convergence--higs_proposed--mipnerf360-bicycle--a100--s0,higs_proposed,mipnerf360/bicycle,0,7000,101.11023950576782,22.527978897094727,0.6337697505950928,0.3097330331802368,2973657
primary_full_convergence--higs_proposed--mipnerf360-bicycle--a100--s0,higs_proposed,mipnerf360/bicycle,0,15000,294.8482699394226,22.165170669555664,0.661393404006958,0.23523303866386414,4244394
primary_full_convergence--higs_proposed--mipnerf360-bicycle--a100--s0,higs_proposed,mipnerf360/bicycle,0,30000,671.4114320939407,25.52379035949707,0.7627384662628174,0.17655451595783234,4244394
primary_full_convergence--higs_proposed--mipnerf360-bicycle--a100--s1,higs_proposed,mipnerf360/bicycle,1,7000,98.87996053695679,22.551198959350586,0.6340317726135254,0.30880382657051086,2982794
primary_full_convergence--higs_proposed--mipnerf360-bicycle--a100--s1,higs_proposed,mipnerf360/bicycle,1,15000,290.5195298194885,22.07823371887207,0.6602128744125366,0.23536929488182068,4265674
primary_full_convergence--higs_proposed--mipnerf360-bicycle--a100--s1,higs_proposed,mipnerf360/bicycle,1,30000,666.173452151008,25.49285125732422,0.7616717219352722,0.17758843302726746,4265674
primary_full_convergence--higs_proposed--mipnerf360-bicycle--a100--s2,higs_proposed,mipnerf360/bicycle,2,7000,98.79992079734802,22.50531005859375,0.6318504810333252,0.3091525137424469,3016460
primary_full_convergence--higs_proposed--mipnerf360-bicycle--a100--s2,higs_proposed,mipnerf360/bicycle,2,15000,291.56720066070557,22.076650619506836,0.6609863638877869,0.23571963608264923,4360596
primary_full_convergence--higs_proposed--mipnerf360-bicycle--a100--s2,higs_proposed,mipnerf360/bicycle,2,30000,671.575461603934,25.497133255004883,0.7629656791687012,0.1770784854888916,4360596
primary_full_convergence--higs_proposed--mipnerf360-bonsai--a100--s0,higs_proposed,mipnerf360/bonsai,0,7000,86.1212728023529,25.58095932006836,0.8656744360923767,0.11700786650180817,1169831
primary_full_convergence--higs_proposed--mipnerf360-bonsai--a100--s0,higs_proposed,mipnerf360/bonsai,0,15000,212.2402515411377,25.49884605407715,0.8690445423126221,0.10581907629966736,1285021
primary_full_convergence--higs_proposed--mipnerf360-bonsai--a100--s0,higs_proposed,mipnerf360/bonsai,0,30000,423.9992795668077,32.53590774536133,0.9558311700820923,0.05139271542429924,1285021
primary_full_convergence--higs_proposed--mipnerf360-bonsai--a100--s1,higs_proposed,mipnerf360/bonsai,1,7000,85.44160199165344,25.34220314025879,0.8630110025405884,0.11892518401145935,1141990
primary_full_convergence--higs_proposed--mipnerf360-bonsai--a100--s1,higs_proposed,mipnerf360/bonsai,1,15000,210.81850838661194,25.090377807617188,0.8607583045959473,0.1130157858133316,1260916
primary_full_convergence--higs_proposed--mipnerf360-bonsai--a100--s1,higs_proposed,mipnerf360/bonsai,1,30000,422.07351904409006,32.06296157836914,0.9530635476112366,0.05292927846312523,1260916
primary_full_convergence--higs_proposed--mipnerf360-bonsai--a100--s2,higs_proposed,mipnerf360/bonsai,2,7000,86.20386552810669,25.442211151123047,0.8649864196777344,0.11646263301372528,1156405
primary_full_convergence--higs_proposed--mipnerf360-bonsai--a100--s2,higs_proposed,mipnerf360/bonsai,2,15000,212.3067548274994,25.466537475585938,0.8684154152870178,0.1065390408039093,1269236
primary_full_convergence--higs_proposed--mipnerf360-bonsai--a100--s2,higs_proposed,mipnerf360/bonsai,2,30000,423.14947446109727,32.538780212402344,0.9564920663833618,0.0510883666574955,1269236
primary_full_convergence--higs_proposed--mipnerf360-counter--a100--s0,higs_proposed,mipnerf360/counter,0,7000,78.45654511451721,24.378496170043945,0.786975622177124,0.14810356497764587,866553
primary_full_convergence--higs_proposed--mipnerf360-counter--a100--s0,higs_proposed,mipnerf360/counter,0,15000,214.92718648910522,24.242544174194336,0.7780508399009705,0.13228732347488403,1060423
primary_full_convergence--higs_proposed--mipnerf360-counter--a100--s0,higs_proposed,mipnerf360/counter,0,30000,453.58694551698864,29.444965362548828,0.9219667315483093,0.0833524614572525,1060423
primary_full_convergence--higs_proposed--mipnerf360-counter--a100--s1,higs_proposed,mipnerf360/counter,1,7000,77.55122923851013,24.196813583374023,0.7822278738021851,0.1502825766801834,859352
primary_full_convergence--higs_proposed--mipnerf360-counter--a100--s1,higs_proposed,mipnerf360/counter,1,15000,212.22166442871094,24.26403045654297,0.7803475260734558,0.13295729458332062,1034799
primary_full_convergence--higs_proposed--mipnerf360-counter--a100--s1,higs_proposed,mipnerf360/counter,1,30000,445.1586227619555,29.32211685180664,0.9203920364379883,0.08483052998781204,1034799
primary_full_convergence--higs_proposed--mipnerf360-counter--a100--s2,higs_proposed,mipnerf360/counter,2,7000,78.51416397094727,24.292070388793945,0.7839807271957397,0.1503848135471344,859135
primary_full_convergence--higs_proposed--mipnerf360-counter--a100--s2,higs_proposed,mipnerf360/counter,2,15000,212.06739473342896,24.23420524597168,0.7780179977416992,0.13436958193778992,1031184
primary_full_convergence--higs_proposed--mipnerf360-counter--a100--s2,higs_proposed,mipnerf360/counter,2,30000,441.41669674613513,29.406166076660156,0.9207555055618286,0.08418494462966919,1031184
primary_full_convergence--higs_proposed--mipnerf360-garden--a100--s0,higs_proposed,mipnerf360/garden,0,7000,99.16330409049988,22.281902313232422,0.6730196475982666,0.20505955815315247,2441282
primary_full_convergence--higs_proposed--mipnerf360-garden--a100--s0,higs_proposed,mipnerf360/garden,0,15000,267.0494861602783,21.727981567382812,0.6664000749588013,0.17012648284435272,3121570
primary_full_convergence--higs_proposed--mipnerf360-garden--a100--s0,higs_proposed,mipnerf360/garden,0,30000,597.2314847649541,27.327306747436523,0.8511050939559937,0.09714742004871368,3121570
primary_full_convergence--higs_proposed--mipnerf360-garden--a100--s1,higs_proposed,mipnerf360/garden,1,7000,99.08440160751343,22.403491973876953,0.6775878667831421,0.20323312282562256,2447008
primary_full_convergence--higs_proposed--mipnerf360-garden--a100--s1,higs_proposed,mipnerf360/garden,1,15000,267.370059967041,21.803617477416992,0.6655633449554443,0.16971179842948914,3115421
primary_full_convergence--higs_proposed--mipnerf360-garden--a100--s1,higs_proposed,mipnerf360/garden,1,30000,597.4808170329779,27.351261138916016,0.8502833247184753,0.0977090448141098,3115421
primary_full_convergence--higs_proposed--mipnerf360-garden--a100--s2,higs_proposed,mipnerf360/garden,2,7000,99.23731827735901,22.315059661865234,0.6726754903793335,0.2045653760433197,2428213
primary_full_convergence--higs_proposed--mipnerf360-garden--a100--s2,higs_proposed,mipnerf360/garden,2,15000,267.4863362312317,21.801788330078125,0.668205738067627,0.17038923501968384,3096446
primary_full_convergence--higs_proposed--mipnerf360-garden--a100--s2,higs_proposed,mipnerf360/garden,2,30000,593.1151836619247,27.295337677001953,0.8492029905319214,0.09818624705076218,3096446
primary_full_convergence--higs_proposed--mipnerf360-kitchen--a100--s0,higs_proposed,mipnerf360/kitchen,0,7000,108.46208882331848,22.11465072631836,0.7763465046882629,0.13249364495277405,1512050
primary_full_convergence--higs_proposed--mipnerf360-kitchen--a100--s0,higs_proposed,mipnerf360/kitchen,0,15000,324.7405791282654,22.21854019165039,0.7739114165306091,0.11917231231927872,1987461
primary_full_convergence--higs_proposed--mipnerf360-kitchen--a100--s0,higs_proposed,mipnerf360/kitchen,0,30000,691.7882633139379,31.99000358581543,0.9467263221740723,0.045694202184677124,1987461
primary_full_convergence--higs_proposed--mipnerf360-kitchen--a100--s1,higs_proposed,mipnerf360/kitchen,1,7000,108.9451744556427,22.265213012695312,0.7792147994041443,0.12992849946022034,1540733
primary_full_convergence--higs_proposed--mipnerf360-kitchen--a100--s1,higs_proposed,mipnerf360/kitchen,1,15000,329.000825881958,22.200599670410156,0.7734555006027222,0.11907016485929489,2016400
primary_full_convergence--higs_proposed--mipnerf360-kitchen--a100--s1,higs_proposed,mipnerf360/kitchen,1,30000,698.2800811179914,32.07048797607422,0.9467995762825012,0.04575815796852112,2016400
primary_full_convergence--higs_proposed--mipnerf360-kitchen--a100--s2,higs_proposed,mipnerf360/kitchen,2,7000,107.9204695224762,22.22101402282715,0.7796878218650818,0.13073945045471191,1527120
primary_full_convergence--higs_proposed--mipnerf360-kitchen--a100--s2,higs_proposed,mipnerf360/kitchen,2,15000,326.0215811729431,22.35321617126465,0.7749307155609131,0.11824951320886612,2021884
primary_full_convergence--higs_proposed--mipnerf360-kitchen--a100--s2,higs_proposed,mipnerf360/kitchen,2,30000,694.6048147778492,31.532054901123047,0.9454250931739807,0.04610119014978409,2021884
primary_full_convergence--higs_proposed--mipnerf360-room--a100--s0,higs_proposed,mipnerf360/room,0,7000,65.03462553024292,26.435468673706055,0.8545688986778259,0.1353399157524109,861593
primary_full_convergence--higs_proposed--mipnerf360-room--a100--s0,higs_proposed,mipnerf360/room,0,15000,170.83196449279785,26.918119430541992,0.8571746945381165,0.11229164153337479,1087605
primary_full_convergence--higs_proposed--mipnerf360-room--a100--s0,higs_proposed,mipnerf360/room,0,30000,358.35206305305474,31.911102294921875,0.9422399401664734,0.07670047134160995,1087605
primary_full_convergence--higs_proposed--mipnerf360-room--a100--s1,higs_proposed,mipnerf360/room,1,7000,64.99262166023254,26.58954429626465,0.8566016554832458,0.13489313423633575,860790
primary_full_convergence--higs_proposed--mipnerf360-room--a100--s1,higs_proposed,mipnerf360/room,1,15000,170.5729010105133,26.965208053588867,0.8571231365203857,0.11370634287595749,1075174
primary_full_convergence--higs_proposed--mipnerf360-room--a100--s1,higs_proposed,mipnerf360/room,1,30000,355.7913934441749,32.05378341674805,0.9424484372138977,0.07767582684755325,1075174
primary_full_convergence--higs_proposed--mipnerf360-room--a100--s2,higs_proposed,mipnerf360/room,2,7000,64.85439014434814,26.544065475463867,0.8579051494598389,0.13192176818847656,874763
primary_full_convergence--higs_proposed--mipnerf360-room--a100--s2,higs_proposed,mipnerf360/room,2,15000,172.30033946037292,26.90752410888672,0.8566973805427551,0.11236636340618134,1087299
primary_full_convergence--higs_proposed--mipnerf360-room--a100--s2,higs_proposed,mipnerf360/room,2,30000,360.46589761809446,32.15891647338867,0.9436408877372742,0.07508409768342972,1087299
primary_full_convergence--higs_proposed--mipnerf360-stump--a100--s0,higs_proposed,mipnerf360/stump,0,7000,94.66865181922913,23.919645309448242,0.6647673845291138,0.2664327323436737,3153791
primary_full_convergence--higs_proposed--mipnerf360-stump--a100--s0,higs_proposed,mipnerf360/stump,0,15000,258.14784121513367,23.290843963623047,0.6621330976486206,0.2307092696428299,4068702
primary_full_convergence--higs_proposed--mipnerf360-stump--a100--s0,higs_proposed,mipnerf360/stump,0,30000,575.1624279671814,26.873355865478516,0.7782113552093506,0.14968155324459076,4068702
primary_full_convergence--higs_proposed--mipnerf360-stump--a100--s1,higs_proposed,mipnerf360/stump,1,7000,98.43423461914062,23.90617561340332,0.6667165756225586,0.2651459574699402,3293147
primary_full_convergence--higs_proposed--mipnerf360-stump--a100--s1,higs_proposed,mipnerf360/stump,1,15000,264.0898594856262,23.294208526611328,0.6630098223686218,0.2297416627407074,4285006
primary_full_convergence--higs_proposed--mipnerf360-stump--a100--s1,higs_proposed,mipnerf360/stump,1,30000,587.8626627770718,26.951236724853516,0.7783685922622681,0.14928030967712402,4285006
primary_full_convergence--higs_proposed--mipnerf360-stump--a100--s2,higs_proposed,mipnerf360/stump,2,7000,93.29536366462708,23.874679565429688,0.6650813817977905,0.26456961035728455,3197578
primary_full_convergence--higs_proposed--mipnerf360-stump--a100--s2,higs_proposed,mipnerf360/stump,2,15000,256.01143193244934,23.32133674621582,0.6640139222145081,0.229709655046463,4083586
primary_full_convergence--higs_proposed--mipnerf360-stump--a100--s2,higs_proposed,mipnerf360/stump,2,30000,566.6968764318153,26.894058227539062,0.7779704332351685,0.15006621181964874,4083586
primary_full_convergence--higs_proposed--tanks_and_temples-train--a100--s0,higs_proposed,tanks_and_temples/train,0,7000,155.0096950531006,18.619869232177734,0.6877842545509338,0.18626564741134644,325717
primary_full_convergence--higs_proposed--tanks_and_temples-train--a100--s0,higs_proposed,tanks_and_temples/train,0,15000,359.2275023460388,18.8625545501709,0.7016671299934387,0.14559045433998108,335997
primary_full_convergence--higs_proposed--tanks_and_temples-train--a100--s0,higs_proposed,tanks_and_temples/train,0,30000,664.9594977961387,21.828609466552734,0.8496699333190918,0.07757577300071716,335997
primary_full_convergence--higs_proposed--tanks_and_temples-train--a100--s1,higs_proposed,tanks_and_temples/train,1,7000,159.410462141037,18.834300994873047,0.6891009211540222,0.1876686066389084,313049
primary_full_convergence--higs_proposed--tanks_and_temples-train--a100--s1,higs_proposed,tanks_and_temples/train,1,15000,367.6763072013855,19.062942504882812,0.7054399847984314,0.14547143876552582,337653
primary_full_convergence--higs_proposed--tanks_and_temples-train--a100--s1,higs_proposed,tanks_and_temples/train,1,30000,676.6056530529168,22.192733764648438,0.8523826599121094,0.076144278049469,337653
primary_full_convergence--higs_proposed--tanks_and_temples-train--a100--s2,higs_proposed,tanks_and_temples/train,2,7000,157.02729511260986,18.78588104248047,0.6915395855903625,0.19108425080776215,317087
primary_full_convergence--higs_proposed--tanks_and_temples-train--a100--s2,higs_proposed,tanks_and_temples/train,2,15000,367.70272731781006,19.057270050048828,0.7040365934371948,0.15016372501850128,341437
primary_full_convergence--higs_proposed--tanks_and_temples-train--a100--s2,higs_proposed,tanks_and_temples/train,2,30000,681.207246737089,22.188217163085938,0.8523279428482056,0.07910886406898499,341437
primary_full_convergence--higs_proposed--tanks_and_temples-truck--a100--s0,higs_proposed,tanks_and_temples/truck,0,7000,123.86316871643066,19.337797164916992,0.7305024862289429,0.11689328402280807,466197
primary_full_convergence--higs_proposed--tanks_and_temples-truck--a100--s0,higs_proposed,tanks_and_temples/truck,0,15000,292.12765169143677,19.16520881652832,0.7264890670776367,0.1140570342540741,544978
primary_full_convergence--higs_proposed--tanks_and_temples-truck--a100--s0,higs_proposed,tanks_and_temples/truck,0,30000,539.4181474319194,26.478641510009766,0.9233713150024414,0.03360789269208908,544978
primary_full_convergence--higs_proposed--tanks_and_temples-truck--a100--s1,higs_proposed,tanks_and_temples/truck,1,7000,122.88354206085205,19.554115295410156,0.7370984554290771,0.11643508076667786,458177
primary_full_convergence--higs_proposed--tanks_and_temples-truck--a100--s1,higs_proposed,tanks_and_temples/truck,1,15000,293.5719840526581,19.263118743896484,0.728227972984314,0.11162711679935455,538761
primary_full_convergence--higs_proposed--tanks_and_temples-truck--a100--s1,higs_proposed,tanks_and_temples/truck,1,30000,539.2790693310089,26.50002670288086,0.9227291345596313,0.034215860068798065,538761
primary_full_convergence--higs_proposed--tanks_and_temples-truck--a100--s2,higs_proposed,tanks_and_temples/truck,2,7000,118.26744818687439,19.449377059936523,0.7306743860244751,0.1173824667930603,461291
primary_full_convergence--higs_proposed--tanks_and_temples-truck--a100--s2,higs_proposed,tanks_and_temples/truck,2,15000,279.703560590744,19.17321014404297,0.7242969274520874,0.11349005997180939,537869
primary_full_convergence--higs_proposed--tanks_and_temples-truck--a100--s2,higs_proposed,tanks_and_temples/truck,2,30000,519.5417055799626,26.55536460876465,0.923521876335144,0.033289045095443726,537869
primary_full_convergence--original_3dgs--deep_blending-drjohnson--a100--s0,original_3dgs,deep_blending/drjohnson,0,7000,149.1634503309615,28.12175652475068,0.8803055105787335,0.14695422644868042,1641701
primary_full_convergence--original_3dgs--deep_blending-drjohnson--a100--s0,original_3dgs,deep_blending/drjohnson,0,15000,310.19539358094335,28.940631866455078,0.8934069492600181,0.12067790137547435,1631014
primary_full_convergence--original_3dgs--deep_blending-drjohnson--a100--s0,original_3dgs,deep_blending/drjohnson,0,30000,592.5223536160775,29.109381878014766,0.885357116207932,0.12445858888553851,1631014
primary_full_convergence--original_3dgs--deep_blending-drjohnson--a100--s1,original_3dgs,deep_blending/drjohnson,1,7000,151.14546988904476,27.969859556718305,0.8773195707436764,0.14985700358044018,1622498
primary_full_convergence--original_3dgs--deep_blending-drjohnson--a100--s1,original_3dgs,deep_blending/drjohnson,1,15000,313.1792444491293,28.889502554228812,0.8922220685265281,0.12115239103635152,1683895
primary_full_convergence--original_3dgs--deep_blending-drjohnson--a100--s1,original_3dgs,deep_blending/drjohnson,1,30000,600.7554958970286,29.048605485395953,0.8846707253745107,0.12489951379371411,1683895
primary_full_convergence--original_3dgs--deep_blending-drjohnson--a100--s2,original_3dgs,deep_blending/drjohnson,2,7000,150.14558518701233,28.193256840561375,0.8788380225499471,0.14785101264715195,1606349
primary_full_convergence--original_3dgs--deep_blending-drjohnson--a100--s2,original_3dgs,deep_blending/drjohnson,2,15000,314.1791999009438,28.95073503436464,0.892040440530488,0.12144978096087773,1681081
primary_full_convergence--original_3dgs--deep_blending-drjohnson--a100--s2,original_3dgs,deep_blending/drjohnson,2,30000,604.8847989439964,29.096158518935695,0.8854414640050946,0.12434803502577724,1681081
primary_full_convergence--original_3dgs--deep_blending-playroom--a100--s0,original_3dgs,deep_blending/playroom,0,7000,120.1585326648783,29.417057234665442,0.8942528367042542,0.11796684460393314,839438
primary_full_convergence--original_3dgs--deep_blending-playroom--a100--s0,original_3dgs,deep_blending/playroom,0,15000,220.17877543298528,29.533234497596478,0.8935299063551014,0.10931041078834698,845152
primary_full_convergence--original_3dgs--deep_blending-playroom--a100--s0,original_3dgs,deep_blending/playroom,0,30000,386.1222804270219,29.20925239036823,0.8835428480444283,0.11503300212066749,845152
primary_full_convergence--original_3dgs--deep_blending-playroom--a100--s1,original_3dgs,deep_blending/playroom,1,7000,119.14040250401013,29.306192858465785,0.8951371168268139,0.11538971112719898,842716
primary_full_convergence--original_3dgs--deep_blending-playroom--a100--s1,original_3dgs,deep_blending/playroom,1,15000,219.16002730093896,29.467718847866717,0.8936053596693894,0.10690315209072211,851009
primary_full_convergence--original_3dgs--deep_blending-playroom--a100--s1,original_3dgs,deep_blending/playroom,1,30000,389.3026502218563,29.218155696474273,0.8839250206947327,0.11255963108149068,851009
primary_full_convergence--original_3dgs--deep_blending-playroom--a100--s2,original_3dgs,deep_blending/playroom,2,7000,120.14915996300988,29.391781116354053,0.8945471418314966,0.1181055656794844,830442
primary_full_convergence--original_3dgs--deep_blending-playroom--a100--s2,original_3dgs,deep_blending/playroom,2,15000,219.16684697102755,29.54500750837655,0.89429948864312,0.10903503822869268,845715
primary_full_convergence--original_3dgs--deep_blending-playroom--a100--s2,original_3dgs,deep_blending/playroom,2,30000,390.3753805879969,29.29939316058981,0.8837623370104822,0.11424252956077971,845715
primary_full_convergence--original_3dgs--mipnerf360-bicycle--a100--s0,original_3dgs,mipnerf360/bicycle,0,7000,274.18630432803184,23.75392433166504,0.6728154611587525,0.324959522485733,3257509
primary_full_convergence--original_3dgs--mipnerf360-bicycle--a100--s0,original_3dgs,mipnerf360/bicycle,0,15000,721.3647524248809,25.055764236450194,0.7572042965888977,0.22967325866222382,4932172
primary_full_convergence--original_3dgs--mipnerf360-bicycle--a100--s0,original_3dgs,mipnerf360/bicycle,0,30000,1588.376710064942,25.266708068847656,0.7672126007080078,0.20811193346977233,4932172
primary_full_convergence--original_3dgs--mipnerf360-bicycle--a100--s1,original_3dgs,mipnerf360/bicycle,1,7000,275.18205292290077,23.72125061035156,0.673397592306137,0.3255497825145721,3285391
primary_full_convergence--original_3dgs--mipnerf360-bicycle--a100--s1,original_3dgs,mipnerf360/bicycle,1,15000,725.3652289549354,25.04580795288086,0.7557649326324463,0.23081837713718414,4901204
primary_full_convergence--original_3dgs--mipnerf360-bicycle--a100--s1,original_3dgs,mipnerf360/bicycle,1,30000,1586.557124504121,25.265823516845703,0.7673429679870606,0.20767932772636413,4901204
primary_full_convergence--original_3dgs--mipnerf360-bicycle--a100--s2,original_3dgs,mipnerf360/bicycle,2,7000,232.05221934895962,23.806560287475588,0.674101574420929,0.32481552600860597,3279079
primary_full_convergence--original_3dgs--mipnerf360-bicycle--a100--s2,original_3dgs,mipnerf360/bicycle,2,15000,680.1529861099552,25.048891220092774,0.7551098442077637,0.23096729636192323,4956401
primary_full_convergence--original_3dgs--mipnerf360-bicycle--a100--s2,original_3dgs,mipnerf360/bicycle,2,30000,1560.4663330139592,25.267470474243165,0.7661646366119385,0.20754193365573884,4956401
primary_full_convergence--original_3dgs--mipnerf360-bonsai--a100--s0,original_3dgs,mipnerf360/bonsai,0,7000,125.0260545660276,30.35429217364337,0.9379572836128441,0.12778735160827637,1050168
primary_full_convergence--original_3dgs--mipnerf360-bonsai--a100--s0,original_3dgs,mipnerf360/bonsai,0,15000,274.07818257808685,31.822603998957455,0.9509021962011183,0.10707219528990823,1068119
primary_full_convergence--original_3dgs--mipnerf360-bonsai--a100--s0,original_3dgs,mipnerf360/bonsai,0,30000,528.3991179410368,32.882017444919896,0.9562450099635769,0.09735578429457303,1068119
primary_full_convergence--original_3dgs--mipnerf360-bonsai--a100--s1,original_3dgs,mipnerf360/bonsai,1,7000,126.02906233584508,30.445188161489124,0.9387296116029894,0.12548893508878914,1047116
primary_full_convergence--original_3dgs--mipnerf360-bonsai--a100--s1,original_3dgs,mipnerf360/bonsai,1,15000,272.0901588469278,31.732050973015863,0.9504172528112257,0.10772181121078697,1070471
primary_full_convergence--original_3dgs--mipnerf360-bonsai--a100--s1,original_3dgs,mipnerf360/bonsai,1,30000,523.3835578497965,32.9837379971066,0.9573648829717893,0.09695176437899873,1070471
primary_full_convergence--original_3dgs--mipnerf360-bonsai--a100--s2,original_3dgs,mipnerf360/bonsai,2,7000,125.09059264301322,30.30679280049092,0.9368945746808439,0.12723969990337217,1037129
primary_full_convergence--original_3dgs--mipnerf360-bonsai--a100--s2,original_3dgs,mipnerf360/bonsai,2,15000,269.1196227290202,31.69823141355772,0.949573674717465,0.108049675822258,1061838
primary_full_convergence--original_3dgs--mipnerf360-bonsai--a100--s2,original_3dgs,mipnerf360/bonsai,2,30000,522.4531161950435,32.80647659301758,0.9552790748106467,0.09789933234050467,1061838
primary_full_convergence--original_3dgs--mipnerf360-counter--a100--s0,original_3dgs,mipnerf360/counter,0,7000,134.03249953105114,27.6503236134847,0.893471489350001,0.14965846265355745,943817
primary_full_convergence--original_3dgs--mipnerf360-counter--a100--s0,original_3dgs,mipnerf360/counter,0,15000,319.06979385297745,28.786866760253908,0.9139398058255513,0.12392453625798225,999132
primary_full_convergence--original_3dgs--mipnerf360-counter--a100--s0,original_3dgs,mipnerf360/counter,0,30000,629.2020348939113,29.479820887247723,0.9221078932285309,0.11264039228359858,999132
primary_full_convergence--original_3dgs--mipnerf360-counter--a100--s1,original_3dgs,mipnerf360/counter,1,7000,132.03919571684673,27.60033562978109,0.8928382635116577,0.1508353220919768,947088
primary_full_convergence--original_3dgs--mipnerf360-counter--a100--s1,original_3dgs,mipnerf360/counter,1,15000,316.0715779918246,28.765245119730633,0.9138938128948212,0.12443195208907128,994134
primary_full_convergence--original_3dgs--mipnerf360-counter--a100--s1,original_3dgs,mipnerf360/counter,1,30000,627.7040993359406,29.486764272054035,0.921684996287028,0.112848133345445,994134
primary_full_convergence--original_3dgs--mipnerf360-counter--a100--s2,original_3dgs,mipnerf360/counter,2,7000,133.02697055600584,27.600196011861165,0.8923358102639516,0.15138637920220693,938153
primary_full_convergence--original_3dgs--mipnerf360-counter--a100--s2,original_3dgs,mipnerf360/counter,2,15000,319.0670940298587,28.770439020792644,0.9139200826485951,0.12453494469324748,999301
primary_full_convergence--original_3dgs--mipnerf360-counter--a100--s2,original_3dgs,mipnerf360/counter,2,30000,633.5144604668021,29.44253304799398,0.9215505599975586,0.11340876196821531,999301
primary_full_convergence--original_3dgs--mipnerf360-garden--a100--s0,original_3dgs,mipnerf360/garden,0,7000,264.05338428588584,26.343586047490437,0.8321610813339552,0.15813629577557245,3605783
primary_full_convergence--original_3dgs--mipnerf360-garden--a100--s0,original_3dgs,mipnerf360/garden,0,15000,700.1539850288536,27.064472595850628,0.8595554456114769,0.11781249071160953,4154303
primary_full_convergence--original_3dgs--mipnerf360-garden--a100--s0,original_3dgs,mipnerf360/garden,0,30000,1483.6198004628532,27.494925657908123,0.8685596485932668,0.10623059576998155,4154303
primary_full_convergence--original_3dgs--mipnerf360-garden--a100--s1,original_3dgs,mipnerf360/garden,1,7000,259.05367693514563,26.34357778231303,0.8323662007848421,0.15830031596124172,3582437
primary_full_convergence--original_3dgs--mipnerf360-garden--a100--s1,original_3dgs,mipnerf360/garden,1,15000,694.1457160010468,27.15421263376872,0.8600806246201197,0.118259455387791,4132080
primary_full_convergence--original_3dgs--mipnerf360-garden--a100--s1,original_3dgs,mipnerf360/garden,1,30000,1466.9332743410487,27.458565711975098,0.8668989539146423,0.10717800166457891,4132080
primary_full_convergence--original_3dgs--mipnerf360-garden--a100--s2,original_3dgs,mipnerf360/garden,2,7000,262.05444398499094,26.35489622751872,0.8335637226700783,0.15749825475116572,3601780
primary_full_convergence--original_3dgs--mipnerf360-garden--a100--s2,original_3dgs,mipnerf360/garden,2,15000,698.2164863089565,27.20399022102356,0.8620613391200701,0.11738708584258954,4139279
primary_full_convergence--original_3dgs--mipnerf360-garden--a100--s2,original_3dgs,mipnerf360/garden,2,30000,1484.5295813300181,27.418289581934612,0.8668573449055353,0.107157029521962,4139279
primary_full_convergence--original_3dgs--mipnerf360-kitchen--a100--s0,original_3dgs,mipnerf360/kitchen,0,7000,155.0273029829841,29.859786224365234,0.9287258046013969,0.09153219525303159,1438245
primary_full_convergence--original_3dgs--mipnerf360-kitchen--a100--s0,original_3dgs,mipnerf360/kitchen,0,15000,372.12253681593575,31.187695693969726,0.9428289839199611,0.07510285899043083,1532604
primary_full_convergence--original_3dgs--mipnerf360-kitchen--a100--s0,original_3dgs,mipnerf360/kitchen,0,30000,742.6430618888699,32.18083005632673,0.9490054709570749,0.06715220798339162,1532604
primary_full_convergence--original_3dgs--mipnerf360-kitchen--a100--s1,original_3dgs,mipnerf360/kitchen,1,7000,153.03048259881325,29.705571583339147,0.9276017631803241,0.09267302879265377,1435329
primary_full_convergence--original_3dgs--mipnerf360-kitchen--a100--s1,original_3dgs,mipnerf360/kitchen,1,15000,366.0749557099771,31.190247235979353,0.9426491277558463,0.07413921664868083,1529429
primary_full_convergence--original_3dgs--mipnerf360-kitchen--a100--s1,original_3dgs,mipnerf360/kitchen,1,30000,738.5088812708855,32.07503591264997,0.9486681972231183,0.0671731347484248,1529429
primary_full_convergence--original_3dgs--mipnerf360-kitchen--a100--s2,original_3dgs,mipnerf360/kitchen,2,7000,154.03229689598083,29.83982947213309,0.9307116832051958,0.09000861900193351,1450153
primary_full_convergence--original_3dgs--mipnerf360-kitchen--a100--s2,original_3dgs,mipnerf360/kitchen,2,15000,370.0772671250161,31.21511181422642,0.9434736473219735,0.07403684375541551,1531639
primary_full_convergence--original_3dgs--mipnerf360-kitchen--a100--s2,original_3dgs,mipnerf360/kitchen,2,30000,748.2631147780921,32.243177795410155,0.9493598324911935,0.0663173428603581,1531639
primary_full_convergence--original_3dgs--mipnerf360-room--a100--s0,original_3dgs,mipnerf360/room,0,7000,121.0208876398392,30.18154648022774,0.9233470864785023,0.14792605508596468,1026043
primary_full_convergence--original_3dgs--mipnerf360-room--a100--s0,original_3dgs,mipnerf360/room,0,15000,297.0501818389166,31.505183048737354,0.9395071329214634,0.1224681135171499,1151727
primary_full_convergence--original_3dgs--mipnerf360-room--a100--s0,original_3dgs,mipnerf360/room,0,30000,600.7653103438206,32.42360442723983,0.9452431706281809,0.11371569278148505,1151727
primary_full_convergence--original_3dgs--mipnerf360-room--a100--s1,original_3dgs,mipnerf360/room,1,7000,123.02617170382291,30.23101630577674,0.9238170232528296,0.1484609733407314,1037664
primary_full_convergence--original_3dgs--mipnerf360-room--a100--s1,original_3dgs,mipnerf360/room,1,15000,300.06237934785895,31.55221919524364,0.939775885679783,0.12242990445632201,1174643
primary_full_convergence--original_3dgs--mipnerf360-room--a100--s1,original_3dgs,mipnerf360/room,1,30000,608.512529680971,32.472672095665565,0.9451915331375904,0.1129141023907906,1174643
primary_full_convergence--original_3dgs--mipnerf360-room--a100--s2,original_3dgs,mipnerf360/room,2,7000,122.02143573900685,30.29960436698718,0.924122983064407,0.14709125955899557,1028768
primary_full_convergence--original_3dgs--mipnerf360-room--a100--s2,original_3dgs,mipnerf360/room,2,15000,297.0507916500792,31.542559452545948,0.9397423786994739,0.12241436808537214,1150802
primary_full_convergence--original_3dgs--mipnerf360-room--a100--s2,original_3dgs,mipnerf360/room,2,30000,604.627698074095,32.276046557304184,0.9449950884550046,0.1145653092326262,1150802
primary_full_convergence--original_3dgs--mipnerf360-stump--a100--s0,original_3dgs,mipnerf360/stump,0,7000,209.03685259702615,25.77619707584381,0.7234989441931248,0.2919293399900198,3514715
primary_full_convergence--original_3dgs--mipnerf360-stump--a100--s0,original_3dgs,mipnerf360/stump,0,15000,563.1067558471113,26.764719605445862,0.7723714262247086,0.2252844199538231,4361099
primary_full_convergence--original_3dgs--mipnerf360-stump--a100--s0,original_3dgs,mipnerf360/stump,0,30000,1221.891767407069,26.724533677101135,0.7719075605273247,0.21557004936039448,4361099
primary_full_convergence--original_3dgs--mipnerf360-stump--a100--s1,original_3dgs,mipnerf360/stump,1,7000,212.04534575599246,25.732208371162415,0.7236557342112064,0.29226011876016855,3475139
primary_full_convergence--original_3dgs--mipnerf360-stump--a100--s1,original_3dgs,mipnerf360/stump,1,15000,563.1363539649174,26.68001914024353,0.7708524204790592,0.22717737220227718,4292782
primary_full_convergence--original_3dgs--mipnerf360-stump--a100--s1,original_3dgs,mipnerf360/stump,1,30000,1220.62086602184,26.643575191497803,0.7710875384509563,0.21673675999045372,4292782
primary_full_convergence--original_3dgs--mipnerf360-stump--a100--s2,original_3dgs,mipnerf360/stump,2,7000,209.03604208002798,25.850728273391724,0.726857166737318,0.29028062149882317,3585007
primary_full_convergence--original_3dgs--mipnerf360-stump--a100--s2,original_3dgs,mipnerf360/stump,2,15000,561.1725217062049,26.753414750099182,0.7721411138772964,0.22636325284838676,4414830
primary_full_convergence--original_3dgs--mipnerf360-stump--a100--s2,original_3dgs,mipnerf360/stump,2,30000,1224.2629881480243,26.713195204734802,0.7714471369981766,0.21560144890099764,4414830
primary_full_convergence--original_3dgs--tanks_and_temples-train--a100--s0,original_3dgs,tanks_and_temples/train,0,7000,115.03810051898472,20.682873424730804,0.8110084627804003,0.17227046877930038,405481
primary_full_convergence--original_3dgs--tanks_and_temples-train--a100--s0,original_3dgs,tanks_and_temples/train,0,15000,276.0708314809017,22.14662938368948,0.851223896992834,0.13628804683685303,429450
primary_full_convergence--original_3dgs--tanks_and_temples-train--a100--s0,original_3dgs,tanks_and_temples/train,0,30000,553.8023121079896,23.007823843705026,0.8611317433808979,0.12147091623199613,429450
primary_full_convergence--original_3dgs--tanks_and_temples-train--a100--s1,original_3dgs,tanks_and_temples/train,1,7000,116.02239773911424,20.926149870219984,0.8152188156780443,0.17150708895764852,410363
primary_full_convergence--original_3dgs--tanks_and_temples-train--a100--s1,original_3dgs,tanks_and_temples/train,1,15000,270.04862938215956,21.856652862147282,0.8477637767791748,0.13947391627650513,421091
primary_full_convergence--original_3dgs--tanks_and_temples-train--a100--s1,original_3dgs,tanks_and_temples/train,1,30000,542.3326175040565,22.817113123442,0.8589959521042673,0.12320664368177715,421091
primary_full_convergence--original_3dgs--tanks_and_temples-train--a100--s2,original_3dgs,tanks_and_temples/train,2,7000,118.02790289791301,20.999925462823164,0.8157124754629637,0.17122240148876844,411683
primary_full_convergence--original_3dgs--tanks_and_temples-train--a100--s2,original_3dgs,tanks_and_temples/train,2,15000,274.060280371923,22.123543638932077,0.8499073056798232,0.1373548027324049,433010
primary_full_convergence--original_3dgs--tanks_and_temples-train--a100--s2,original_3dgs,tanks_and_temples/train,2,30000,555.2123125197832,23.056729818645277,0.8608808595883218,0.12353863410259548,433010
primary_full_convergence--original_3dgs--tanks_and_temples-truck--a100--s0,original_3dgs,tanks_and_temples/truck,0,7000,92.0171353709884,25.56425243616104,0.9049138948321342,0.09052160591818392,558137
primary_full_convergence--original_3dgs--tanks_and_temples-truck--a100--s0,original_3dgs,tanks_and_temples/truck,0,15000,206.03735397011042,26.185829162597656,0.9117539133876562,0.08179604960605502,589664
primary_full_convergence--original_3dgs--tanks_and_temples-truck--a100--s0,original_3dgs,tanks_and_temples/truck,0,30000,409.6835647029802,26.71981382369995,0.9138751216232777,0.07735693012364209,589664
primary_full_convergence--original_3dgs--tanks_and_temples-truck--a100--s1,original_3dgs,tanks_and_temples/truck,1,7000,88.0162715089973,25.50313049554825,0.9049553144723177,0.09039733954705298,545405
primary_full_convergence--original_3dgs--tanks_and_temples-truck--a100--s1,original_3dgs,tanks_and_temples/truck,1,15000,200.03634728305042,26.193093299865723,0.911887364462018,0.08187144971452653,579188
primary_full_convergence--original_3dgs--tanks_and_temples-truck--a100--s1,original_3dgs,tanks_and_temples/truck,1,30000,402.6775160660036,26.7378631234169,0.9141514059156179,0.0775027881609276,579188
primary_full_convergence--original_3dgs--tanks_and_temples-truck--a100--s2,original_3dgs,tanks_and_temples/truck,2,7000,88.0180185250938,25.334809720516205,0.9034349974244833,0.09100490459240973,555131
primary_full_convergence--original_3dgs--tanks_and_temples-truck--a100--s2,original_3dgs,tanks_and_temples/truck,2,15000,208.04214283707552,26.185279607772827,0.9117139875888824,0.08185982261784375,587526
primary_full_convergence--original_3dgs--tanks_and_temples-truck--a100--s2,original_3dgs,tanks_and_temples/truck,2,30000,411.2207917741034,26.689666867256165,0.9135005529969931,0.07764017023146152,587526
